"","tissue","gene","lfc","padj","logpadj","comparison","direction"
"1","CA1","Chd8",-0.77,"8.19e-02",1.09,"conflict.yoked vs. conflict.trained","conflict.yoked"
"2","CA1","D430019H16Rik",-0.64,"8.19e-02",1.09,"conflict.yoked vs. conflict.trained","conflict.yoked"
"3","CA1","Fgfr1",-0.66,"8.19e-02",1.09,"conflict.yoked vs. conflict.trained","conflict.yoked"
"4","CA1","Gm20390",2.84,"1.06e-03",2.97,"conflict.yoked vs. conflict.trained","conflict.trained"
"5","CA1","Itga10",-2.17,"8.19e-02",1.09,"conflict.yoked vs. conflict.trained","conflict.yoked"
"6","CA1","Ppp1r10",-0.86,"6.80e-02",1.17,"conflict.yoked vs. conflict.trained","conflict.yoked"
"7","CA1","Satb1",-1.26,"8.19e-02",1.09,"conflict.yoked vs. conflict.trained","conflict.yoked"
"8","CA1","Ank2",-0.58,"9.38e-02",1.03,"standard.trained vs. conflict.trained","standard.trained"
"9","CA1","Arhgap35",-0.51,"9.38e-02",1.03,"standard.trained vs. conflict.trained","standard.trained"
"10","CA1","Arpc2",0.43,"9.38e-02",1.03,"standard.trained vs. conflict.trained","conflict.trained"
"11","CA1","Atp6v0c",0.59,"2.33e-02",1.63,"standard.trained vs. conflict.trained","conflict.trained"
"12","CA1","Atp6v1e1",0.47,"9.67e-02",1.01,"standard.trained vs. conflict.trained","conflict.trained"
"13","CA1","Atxn10",0.43,"8.26e-02",1.08,"standard.trained vs. conflict.trained","conflict.trained"
"14","CA1","Braf",-0.65,"9.38e-02",1.03,"standard.trained vs. conflict.trained","standard.trained"
"15","CA1","Cck",0.76,"6.10e-02",1.22,"standard.trained vs. conflict.trained","conflict.trained"
"16","CA1","Chd5",-0.5,"9.82e-02",1.01,"standard.trained vs. conflict.trained","standard.trained"
"17","CA1","Cox8a",0.74,"8.26e-02",1.08,"standard.trained vs. conflict.trained","conflict.trained"
"18","CA1","Ctxn1",0.52,"9.38e-02",1.03,"standard.trained vs. conflict.trained","conflict.trained"
"19","CA1","Fam131a",0.4,"8.26e-02",1.08,"standard.trained vs. conflict.trained","conflict.trained"
"20","CA1","Fam168a",-0.47,"8.26e-02",1.08,"standard.trained vs. conflict.trained","standard.trained"
"21","CA1","Hivep2",-0.56,"8.26e-02",1.08,"standard.trained vs. conflict.trained","standard.trained"
"22","CA1","Hpca",0.41,"9.38e-02",1.03,"standard.trained vs. conflict.trained","conflict.trained"
"23","CA1","Huwe1",-0.6,"9.38e-02",1.03,"standard.trained vs. conflict.trained","standard.trained"
"24","CA1","Kidins220",-0.43,"8.26e-02",1.08,"standard.trained vs. conflict.trained","standard.trained"
"25","CA1","Kif1a",-0.38,"9.67e-02",1.01,"standard.trained vs. conflict.trained","standard.trained"
"26","CA1","Kmt2a",-0.67,"9.38e-02",1.03,"standard.trained vs. conflict.trained","standard.trained"
"27","CA1","Lsamp",-0.53,"9.38e-02",1.03,"standard.trained vs. conflict.trained","standard.trained"
"28","CA1","Macf1",-0.57,"8.26e-02",1.08,"standard.trained vs. conflict.trained","standard.trained"
"29","CA1","Megf8",-0.49,"9.38e-02",1.03,"standard.trained vs. conflict.trained","standard.trained"
"30","CA1","Ncor2",-0.42,"9.38e-02",1.03,"standard.trained vs. conflict.trained","standard.trained"
"31","CA1","Nrgn",0.46,"9.38e-02",1.03,"standard.trained vs. conflict.trained","conflict.trained"
"32","CA1","Olfm1",0.36,"9.38e-02",1.03,"standard.trained vs. conflict.trained","conflict.trained"
"33","CA1","Pebp1",0.59,"2.33e-02",1.63,"standard.trained vs. conflict.trained","conflict.trained"
"34","CA1","Peg3",-0.51,"9.38e-02",1.03,"standard.trained vs. conflict.trained","standard.trained"
"35","CA1","Ppia",0.53,"9.38e-02",1.03,"standard.trained vs. conflict.trained","conflict.trained"
"36","CA1","Scn1b",0.45,"9.38e-02",1.03,"standard.trained vs. conflict.trained","conflict.trained"
"37","CA1","Smg1",-0.62,"9.38e-02",1.03,"standard.trained vs. conflict.trained","standard.trained"
"38","CA1","mt-Nd3",0.7,"9.38e-02",1.03,"standard.trained vs. conflict.trained","conflict.trained"
"39","CA1","2410002F23Rik",1.74,"4.25e-02",1.37,"standard.yoked vs. conflict.yoked","conflict.yoked"
"40","CA1","4933434E20Rik",-1.35,"5.22e-02",1.28,"standard.yoked vs. conflict.yoked","standard.yoked"
"41","CA1","6330408A02Rik",6.77,"9.69e-02",1.01,"standard.yoked vs. conflict.yoked","conflict.yoked"
"42","CA1","AU040320",1.31,"7.83e-02",1.11,"standard.yoked vs. conflict.yoked","conflict.yoked"
"43","CA1","Abcb6",-1.87,"7.84e-02",1.11,"standard.yoked vs. conflict.yoked","standard.yoked"
"44","CA1","Abcd4",6.96,"8.10e-02",1.09,"standard.yoked vs. conflict.yoked","conflict.yoked"
"45","CA1","Abcf1",1.09,"9.85e-02",1.01,"standard.yoked vs. conflict.yoked","conflict.yoked"
"46","CA1","Adamts1",3.33,"1.33e-03",2.88,"standard.yoked vs. conflict.yoked","conflict.yoked"
"47","CA1","Adcy6",3.32,"4.32e-02",1.36,"standard.yoked vs. conflict.yoked","conflict.yoked"
"48","CA1","Adcyap1r1",2.83,"1.99e-03",2.7,"standard.yoked vs. conflict.yoked","conflict.yoked"
"49","CA1","Adgrf5",7.12,"8.25e-02",1.08,"standard.yoked vs. conflict.yoked","conflict.yoked"
"50","CA1","Agap1",3.13,"3.05e-05",4.52,"standard.yoked vs. conflict.yoked","conflict.yoked"
"51","CA1","Ahnak",7.37,"6.54e-02",1.18,"standard.yoked vs. conflict.yoked","conflict.yoked"
"52","CA1","Ankrd40",1.34,"7.00e-02",1.15,"standard.yoked vs. conflict.yoked","conflict.yoked"
"53","CA1","Anxa6",2.12,"5.91e-03",2.23,"standard.yoked vs. conflict.yoked","conflict.yoked"
"54","CA1","Ap3s2",1.53,"7.15e-02",1.15,"standard.yoked vs. conflict.yoked","conflict.yoked"
"55","CA1","Apmap",-1.49,"9.68e-02",1.01,"standard.yoked vs. conflict.yoked","standard.yoked"
"56","CA1","Armc7",6.95,"8.79e-02",1.06,"standard.yoked vs. conflict.yoked","conflict.yoked"
"57","CA1","Atf6",1.34,"6.99e-02",1.16,"standard.yoked vs. conflict.yoked","conflict.yoked"
"58","CA1","Axl",3.63,"1.96e-02",1.71,"standard.yoked vs. conflict.yoked","conflict.yoked"
"59","CA1","Bud31",-1.79,"6.54e-02",1.18,"standard.yoked vs. conflict.yoked","standard.yoked"
"60","CA1","Camk1g",-1.53,"8.79e-02",1.06,"standard.yoked vs. conflict.yoked","standard.yoked"
"61","CA1","Cd63",2.83,"9.34e-02",1.03,"standard.yoked vs. conflict.yoked","conflict.yoked"
"62","CA1","Cdk9",1.04,"8.79e-02",1.06,"standard.yoked vs. conflict.yoked","conflict.yoked"
"63","CA1","Cnot2",-1.17,"9.85e-02",1.01,"standard.yoked vs. conflict.yoked","standard.yoked"
"64","CA1","Cnr1",1.71,"5.47e-02",1.26,"standard.yoked vs. conflict.yoked","conflict.yoked"
"65","CA1","Cog3",1.98,"4.77e-02",1.32,"standard.yoked vs. conflict.yoked","conflict.yoked"
"66","CA1","Cpeb3",2.35,"3.99e-02",1.4,"standard.yoked vs. conflict.yoked","conflict.yoked"
"67","CA1","Cpne7",-1.49,"6.54e-02",1.18,"standard.yoked vs. conflict.yoked","standard.yoked"
"68","CA1","Ctc1",3.84,"7.00e-02",1.15,"standard.yoked vs. conflict.yoked","conflict.yoked"
"69","CA1","Dact2",3.04,"9.57e-02",1.02,"standard.yoked vs. conflict.yoked","conflict.yoked"
"70","CA1","Dcaf12",2.37,"4.77e-02",1.32,"standard.yoked vs. conflict.yoked","conflict.yoked"
"71","CA1","Dennd2a",2.09,"8.47e-02",1.07,"standard.yoked vs. conflict.yoked","conflict.yoked"
"72","CA1","Dhx30",0.94,"9.66e-02",1.02,"standard.yoked vs. conflict.yoked","conflict.yoked"
"73","CA1","Dlg1",1.66,"6.99e-02",1.16,"standard.yoked vs. conflict.yoked","conflict.yoked"
"74","CA1","Dock6",3.34,"8.34e-02",1.08,"standard.yoked vs. conflict.yoked","conflict.yoked"
"75","CA1","Dpy19l3",1.6,"7.00e-02",1.15,"standard.yoked vs. conflict.yoked","conflict.yoked"
"76","CA1","Eif2s2",1.66,"7.78e-02",1.11,"standard.yoked vs. conflict.yoked","conflict.yoked"
"77","CA1","Eif2s3x",1.52,"3.36e-02",1.47,"standard.yoked vs. conflict.yoked","conflict.yoked"
"78","CA1","Eif3j1",2.32,"5.62e-02",1.25,"standard.yoked vs. conflict.yoked","conflict.yoked"
"79","CA1","Eml4",-1.49,"8.79e-02",1.06,"standard.yoked vs. conflict.yoked","standard.yoked"
"80","CA1","Ercc4",7.28,"6.54e-02",1.18,"standard.yoked vs. conflict.yoked","conflict.yoked"
"81","CA1","Ercc6",2.48,"3.36e-02",1.47,"standard.yoked vs. conflict.yoked","conflict.yoked"
"82","CA1","Ermp1",2.46,"4.32e-02",1.36,"standard.yoked vs. conflict.yoked","conflict.yoked"
"83","CA1","Exoc1",-1.03,"8.79e-02",1.06,"standard.yoked vs. conflict.yoked","standard.yoked"
"84","CA1","Extl2",1.17,"9.85e-02",1.01,"standard.yoked vs. conflict.yoked","conflict.yoked"
"85","CA1","Fam213a",1.27,"9.12e-02",1.04,"standard.yoked vs. conflict.yoked","conflict.yoked"
"86","CA1","Fbf1",1.22,"9.37e-02",1.03,"standard.yoked vs. conflict.yoked","conflict.yoked"
"87","CA1","Fbxo32",6.51,"9.85e-02",1.01,"standard.yoked vs. conflict.yoked","conflict.yoked"
"88","CA1","Fndc10",7.25,"6.54e-02",1.18,"standard.yoked vs. conflict.yoked","conflict.yoked"
"89","CA1","Foxo4",3.57,"9.34e-02",1.03,"standard.yoked vs. conflict.yoked","conflict.yoked"
"90","CA1","Fut9",3.01,"4.32e-02",1.36,"standard.yoked vs. conflict.yoked","conflict.yoked"
"91","CA1","Gad2",2.24,"5.34e-02",1.27,"standard.yoked vs. conflict.yoked","conflict.yoked"
"92","CA1","Gas1",6.71,"9.85e-02",1.01,"standard.yoked vs. conflict.yoked","conflict.yoked"
"93","CA1","Gm14326",4.1,"5.67e-02",1.25,"standard.yoked vs. conflict.yoked","conflict.yoked"
"94","CA1","Gm20390",-2.95,"4.93e-02",1.31,"standard.yoked vs. conflict.yoked","standard.yoked"
"95","CA1","Gmps",1.5,"5.03e-02",1.3,"standard.yoked vs. conflict.yoked","conflict.yoked"
"96","CA1","Gnpat",-1.4,"7.00e-02",1.15,"standard.yoked vs. conflict.yoked","standard.yoked"
"97","CA1","Gpr158",1.15,"9.57e-02",1.02,"standard.yoked vs. conflict.yoked","conflict.yoked"
"98","CA1","Gramd4",7.24,"6.54e-02",1.18,"standard.yoked vs. conflict.yoked","conflict.yoked"
"99","CA1","Grsf1",-1.06,"6.54e-02",1.18,"standard.yoked vs. conflict.yoked","standard.yoked"
"100","CA1","Gsk3b",1.18,"5.67e-02",1.25,"standard.yoked vs. conflict.yoked","conflict.yoked"
"101","CA1","Gsr",4.83,"9.85e-02",1.01,"standard.yoked vs. conflict.yoked","conflict.yoked"
"102","CA1","Gstm1",2.43,"3.22e-03",2.49,"standard.yoked vs. conflict.yoked","conflict.yoked"
"103","CA1","Gtf2f1",1.67,"5.62e-02",1.25,"standard.yoked vs. conflict.yoked","conflict.yoked"
"104","CA1","Gucy1a3",6.75,"9.19e-02",1.04,"standard.yoked vs. conflict.yoked","conflict.yoked"
"105","CA1","Hadhb",2.53,"5.62e-02",1.25,"standard.yoked vs. conflict.yoked","conflict.yoked"
"106","CA1","Hdx",-2.21,"7.00e-02",1.16,"standard.yoked vs. conflict.yoked","standard.yoked"
"107","CA1","Hnrnpr",-0.93,"7.44e-02",1.13,"standard.yoked vs. conflict.yoked","standard.yoked"
"108","CA1","Id2",6.95,"7.78e-02",1.11,"standard.yoked vs. conflict.yoked","conflict.yoked"
"109","CA1","Id4",3.52,"5.94e-02",1.23,"standard.yoked vs. conflict.yoked","conflict.yoked"
"110","CA1","Ifrd1",1.64,"9.40e-02",1.03,"standard.yoked vs. conflict.yoked","conflict.yoked"
"111","CA1","Igfbp5",2.71,"7.78e-02",1.11,"standard.yoked vs. conflict.yoked","conflict.yoked"
"112","CA1","Inf2",0.82,"8.60e-02",1.07,"standard.yoked vs. conflict.yoked","conflict.yoked"
"113","CA1","Insr",2.09,"2.93e-02",1.53,"standard.yoked vs. conflict.yoked","conflict.yoked"
"114","CA1","Jade1",3.09,"6.99e-02",1.16,"standard.yoked vs. conflict.yoked","conflict.yoked"
"115","CA1","Jam2",7.9,"4.32e-02",1.36,"standard.yoked vs. conflict.yoked","conflict.yoked"
"116","CA1","Kdm2a",1.46,"4.32e-02",1.36,"standard.yoked vs. conflict.yoked","conflict.yoked"
"117","CA1","Kif3b",1.59,"4.32e-02",1.36,"standard.yoked vs. conflict.yoked","conflict.yoked"
"118","CA1","Kmt2e",0.9,"8.34e-02",1.08,"standard.yoked vs. conflict.yoked","conflict.yoked"
"119","CA1","Lamtor2",-2.15,"2.28e-02",1.64,"standard.yoked vs. conflict.yoked","standard.yoked"
"120","CA1","Lamtor3",-1.56,"9.81e-02",1.01,"standard.yoked vs. conflict.yoked","standard.yoked"
"121","CA1","Larp4b",1.54,"4.32e-02",1.36,"standard.yoked vs. conflict.yoked","conflict.yoked"
"122","CA1","Lats2",3.71,"1.33e-03",2.88,"standard.yoked vs. conflict.yoked","conflict.yoked"
"123","CA1","Lhfpl4",1.02,"7.23e-02",1.14,"standard.yoked vs. conflict.yoked","conflict.yoked"
"124","CA1","Ltbp3",6.71,"9.68e-02",1.01,"standard.yoked vs. conflict.yoked","conflict.yoked"
"125","CA1","Lyrm9",-1.57,"7.28e-02",1.14,"standard.yoked vs. conflict.yoked","standard.yoked"
"126","CA1","Mars2",-1.76,"7.44e-02",1.13,"standard.yoked vs. conflict.yoked","standard.yoked"
"127","CA1","Mbd1",4.82,"9.57e-02",1.02,"standard.yoked vs. conflict.yoked","conflict.yoked"
"128","CA1","Med10",-1.37,"5.62e-02",1.25,"standard.yoked vs. conflict.yoked","standard.yoked"
"129","CA1","Med26",6.85,"9.34e-02",1.03,"standard.yoked vs. conflict.yoked","conflict.yoked"
"130","CA1","Mef2d",0.9,"6.54e-02",1.18,"standard.yoked vs. conflict.yoked","conflict.yoked"
"131","CA1","Mga",2.12,"2.75e-02",1.56,"standard.yoked vs. conflict.yoked","conflict.yoked"
"132","CA1","Mmgt1",2.67,"6.54e-02",1.18,"standard.yoked vs. conflict.yoked","conflict.yoked"
"133","CA1","Mrpl53",6.64,"9.57e-02",1.02,"standard.yoked vs. conflict.yoked","conflict.yoked"
"134","CA1","Mtmr1",1.35,"9.34e-02",1.03,"standard.yoked vs. conflict.yoked","conflict.yoked"
"135","CA1","Mturn",0.94,"7.00e-02",1.16,"standard.yoked vs. conflict.yoked","conflict.yoked"
"136","CA1","Nat8l",0.68,"4.32e-02",1.36,"standard.yoked vs. conflict.yoked","conflict.yoked"
"137","CA1","Ncoa4",2.2,"9.98e-03",2,"standard.yoked vs. conflict.yoked","conflict.yoked"
"138","CA1","Necap2",3.61,"9.85e-02",1.01,"standard.yoked vs. conflict.yoked","conflict.yoked"
"139","CA1","Nhlrc3",6.84,"8.49e-02",1.07,"standard.yoked vs. conflict.yoked","conflict.yoked"
"140","CA1","Nmnat2",1.3,"7.00e-02",1.16,"standard.yoked vs. conflict.yoked","conflict.yoked"
"141","CA1","Nol10",-1.94,"3.47e-02",1.46,"standard.yoked vs. conflict.yoked","standard.yoked"
"142","CA1","Notch2",7.56,"5.62e-02",1.25,"standard.yoked vs. conflict.yoked","conflict.yoked"
"143","CA1","Nr3c1",1.83,"1.99e-03",2.7,"standard.yoked vs. conflict.yoked","conflict.yoked"
"144","CA1","Nrsn1",1.16,"9.49e-02",1.02,"standard.yoked vs. conflict.yoked","conflict.yoked"
"145","CA1","Ntrk3",1.3,"9.85e-02",1.01,"standard.yoked vs. conflict.yoked","conflict.yoked"
"146","CA1","Nup210",1.7,"9.68e-02",1.01,"standard.yoked vs. conflict.yoked","conflict.yoked"
"147","CA1","Nxf1",-0.91,"8.25e-02",1.08,"standard.yoked vs. conflict.yoked","standard.yoked"
"148","CA1","Pcdh10",2.03,"7.74e-03",2.11,"standard.yoked vs. conflict.yoked","conflict.yoked"
"149","CA1","Pcdh19",1.67,"7.00e-02",1.15,"standard.yoked vs. conflict.yoked","conflict.yoked"
"150","CA1","Pcdhga2",3.14,"4.93e-02",1.31,"standard.yoked vs. conflict.yoked","conflict.yoked"
"151","CA1","Pcdhgb6",7.76,"8.14e-02",1.09,"standard.yoked vs. conflict.yoked","conflict.yoked"
"152","CA1","Pdpr",5.34,"5.67e-02",1.25,"standard.yoked vs. conflict.yoked","conflict.yoked"
"153","CA1","Pdxk",1.12,"7.84e-02",1.11,"standard.yoked vs. conflict.yoked","conflict.yoked"
"154","CA1","Peli2",6.82,"9.57e-02",1.02,"standard.yoked vs. conflict.yoked","conflict.yoked"
"155","CA1","Phlpp2",1.74,"7.44e-02",1.13,"standard.yoked vs. conflict.yoked","conflict.yoked"
"156","CA1","Pitpnc1",1.52,"8.34e-02",1.08,"standard.yoked vs. conflict.yoked","conflict.yoked"
"157","CA1","Ppfia1",-1.24,"7.20e-02",1.14,"standard.yoked vs. conflict.yoked","standard.yoked"
"158","CA1","Ppp2r3c",7.2,"6.54e-02",1.18,"standard.yoked vs. conflict.yoked","conflict.yoked"
"159","CA1","Prpf18",2.75,"5.03e-02",1.3,"standard.yoked vs. conflict.yoked","conflict.yoked"
"160","CA1","Prpf6",-1.11,"9.66e-02",1.02,"standard.yoked vs. conflict.yoked","standard.yoked"
"161","CA1","Pum2",0.92,"9.19e-02",1.04,"standard.yoked vs. conflict.yoked","conflict.yoked"
"162","CA1","Pura",2.07,"6.54e-02",1.18,"standard.yoked vs. conflict.yoked","conflict.yoked"
"163","CA1","Qk",1,"9.37e-02",1.03,"standard.yoked vs. conflict.yoked","conflict.yoked"
"164","CA1","Rab10",0.84,"5.03e-02",1.3,"standard.yoked vs. conflict.yoked","conflict.yoked"
"165","CA1","Rasl11b",-0.99,"9.31e-02",1.03,"standard.yoked vs. conflict.yoked","standard.yoked"
"166","CA1","Rfc5",-2.27,"9.85e-02",1.01,"standard.yoked vs. conflict.yoked","standard.yoked"
"167","CA1","Rgs8",1.15,"7.84e-02",1.11,"standard.yoked vs. conflict.yoked","conflict.yoked"
"168","CA1","Rnf149",2.54,"7.78e-02",1.11,"standard.yoked vs. conflict.yoked","conflict.yoked"
"169","CA1","Rnf157",0.69,"8.25e-02",1.08,"standard.yoked vs. conflict.yoked","conflict.yoked"
"170","CA1","Rnpep",2.08,"4.32e-02",1.36,"standard.yoked vs. conflict.yoked","conflict.yoked"
"171","CA1","Rpl10-ps3",8.98,"2.75e-02",1.56,"standard.yoked vs. conflict.yoked","conflict.yoked"
"172","CA1","Rsbn1",2.75,"8.25e-02",1.08,"standard.yoked vs. conflict.yoked","conflict.yoked"
"173","CA1","Rufy2",-1.54,"7.44e-02",1.13,"standard.yoked vs. conflict.yoked","standard.yoked"
"174","CA1","S1pr1",2.2,"2.53e-02",1.6,"standard.yoked vs. conflict.yoked","conflict.yoked"
"175","CA1","Scaper",4.03,"5.34e-02",1.27,"standard.yoked vs. conflict.yoked","conflict.yoked"
"176","CA1","Scd2",0.79,"7.84e-02",1.11,"standard.yoked vs. conflict.yoked","conflict.yoked"
"177","CA1","Scn4b",2.17,"8.02e-03",2.1,"standard.yoked vs. conflict.yoked","conflict.yoked"
"178","CA1","Scyl1",2.31,"9.85e-02",1.01,"standard.yoked vs. conflict.yoked","conflict.yoked"
"179","CA1","Sdad1",-1.69,"5.67e-02",1.25,"standard.yoked vs. conflict.yoked","standard.yoked"
"180","CA1","Sdc3",1.55,"1.73e-02",1.76,"standard.yoked vs. conflict.yoked","conflict.yoked"
"181","CA1","Secisbp2l",0.95,"9.19e-02",1.04,"standard.yoked vs. conflict.yoked","conflict.yoked"
"182","CA1","Serinc5",1.45,"7.44e-02",1.13,"standard.yoked vs. conflict.yoked","conflict.yoked"
"183","CA1","Setd5",1.53,"2.77e-02",1.56,"standard.yoked vs. conflict.yoked","conflict.yoked"
"184","CA1","Shoc2",1.82,"3.99e-02",1.4,"standard.yoked vs. conflict.yoked","conflict.yoked"
"185","CA1","Slc30a1",1.75,"9.68e-02",1.01,"standard.yoked vs. conflict.yoked","conflict.yoked"
"186","CA1","Slc39a13",3.1,"8.60e-02",1.07,"standard.yoked vs. conflict.yoked","conflict.yoked"
"187","CA1","Slc6a9",7.01,"7.55e-02",1.12,"standard.yoked vs. conflict.yoked","conflict.yoked"
"188","CA1","Slc7a2",3.8,"9.85e-02",1.01,"standard.yoked vs. conflict.yoked","conflict.yoked"
"189","CA1","Slc9a7",5.26,"7.00e-02",1.15,"standard.yoked vs. conflict.yoked","conflict.yoked"
"190","CA1","Slco1a4",7.16,"7.00e-02",1.15,"standard.yoked vs. conflict.yoked","conflict.yoked"
"191","CA1","Slco1c1",3.01,"7.15e-02",1.15,"standard.yoked vs. conflict.yoked","conflict.yoked"
"192","CA1","Sltm",-1.04,"5.62e-02",1.25,"standard.yoked vs. conflict.yoked","standard.yoked"
"193","CA1","Smpd3",1.07,"5.94e-02",1.23,"standard.yoked vs. conflict.yoked","conflict.yoked"
"194","CA1","Snx18",3.86,"7.00e-02",1.15,"standard.yoked vs. conflict.yoked","conflict.yoked"
"195","CA1","Snx27",0.75,"9.57e-02",1.02,"standard.yoked vs. conflict.yoked","conflict.yoked"
"196","CA1","Soga1",3.23,"8.02e-03",2.1,"standard.yoked vs. conflict.yoked","conflict.yoked"
"197","CA1","Spin1",0.75,"9.57e-02",1.02,"standard.yoked vs. conflict.yoked","conflict.yoked"
"198","CA1","Sptb",0.98,"8.25e-02",1.08,"standard.yoked vs. conflict.yoked","conflict.yoked"
"199","CA1","Srprb",7.59,"5.34e-02",1.27,"standard.yoked vs. conflict.yoked","conflict.yoked"
"200","CA1","Srsf12",-1.91,"9.31e-02",1.03,"standard.yoked vs. conflict.yoked","standard.yoked"
"201","CA1","Stam",1.51,"6.54e-02",1.18,"standard.yoked vs. conflict.yoked","conflict.yoked"
"202","CA1","Stx3",-1.4,"7.44e-02",1.13,"standard.yoked vs. conflict.yoked","standard.yoked"
"203","CA1","Syncrip",1.36,"9.72e-02",1.01,"standard.yoked vs. conflict.yoked","conflict.yoked"
"204","CA1","Syndig1",2.2,"7.28e-02",1.14,"standard.yoked vs. conflict.yoked","conflict.yoked"
"205","CA1","Szt2",1.97,"5.67e-02",1.25,"standard.yoked vs. conflict.yoked","conflict.yoked"
"206","CA1","Tenm1",2.55,"9.85e-02",1.01,"standard.yoked vs. conflict.yoked","conflict.yoked"
"207","CA1","Tenm3",2.84,"5.94e-02",1.23,"standard.yoked vs. conflict.yoked","conflict.yoked"
"208","CA1","Tgoln1",1.19,"4.32e-02",1.36,"standard.yoked vs. conflict.yoked","conflict.yoked"
"209","CA1","Timm23",8.62,"5.62e-02",1.25,"standard.yoked vs. conflict.yoked","conflict.yoked"
"210","CA1","Tmed10",1.02,"9.81e-02",1.01,"standard.yoked vs. conflict.yoked","conflict.yoked"
"211","CA1","Tmem170b",1.46,"8.44e-02",1.07,"standard.yoked vs. conflict.yoked","conflict.yoked"
"212","CA1","Tmem199",-1.53,"5.03e-02",1.3,"standard.yoked vs. conflict.yoked","standard.yoked"
"213","CA1","Trim39",-1.57,"9.31e-02",1.03,"standard.yoked vs. conflict.yoked","standard.yoked"
"214","CA1","Trp53i11",6.98,"8.79e-02",1.06,"standard.yoked vs. conflict.yoked","conflict.yoked"
"215","CA1","Tsc22d4",2.07,"5.34e-02",1.27,"standard.yoked vs. conflict.yoked","conflict.yoked"
"216","CA1","Tspan3",-0.71,"8.49e-02",1.07,"standard.yoked vs. conflict.yoked","standard.yoked"
"217","CA1","Ttc7b",1.34,"1.13e-02",1.95,"standard.yoked vs. conflict.yoked","conflict.yoked"
"218","CA1","Tulp3",3.74,"7.00e-02",1.16,"standard.yoked vs. conflict.yoked","conflict.yoked"
"219","CA1","Uba6",4.07,"5.94e-02",1.23,"standard.yoked vs. conflict.yoked","conflict.yoked"
"220","CA1","Ube2g2",1.9,"7.64e-02",1.12,"standard.yoked vs. conflict.yoked","conflict.yoked"
"221","CA1","Ubxn2a",3.98,"5.62e-02",1.25,"standard.yoked vs. conflict.yoked","conflict.yoked"
"222","CA1","Unc13b",-0.95,"8.47e-02",1.07,"standard.yoked vs. conflict.yoked","standard.yoked"
"223","CA1","Unk",7.29,"6.48e-02",1.19,"standard.yoked vs. conflict.yoked","conflict.yoked"
"224","CA1","Use1",2.18,"7.83e-02",1.11,"standard.yoked vs. conflict.yoked","conflict.yoked"
"225","CA1","Usp37",3.76,"8.25e-02",1.08,"standard.yoked vs. conflict.yoked","conflict.yoked"
"226","CA1","Utp14b",7.47,"6.03e-02",1.22,"standard.yoked vs. conflict.yoked","conflict.yoked"
"227","CA1","Vcan",6.76,"8.54e-02",1.07,"standard.yoked vs. conflict.yoked","conflict.yoked"
"228","CA1","Vipas39",-1.79,"1.96e-02",1.71,"standard.yoked vs. conflict.yoked","standard.yoked"
"229","CA1","Vwa1",6.87,"9.34e-02",1.03,"standard.yoked vs. conflict.yoked","conflict.yoked"
"230","CA1","Wdr61",4.86,"8.62e-02",1.06,"standard.yoked vs. conflict.yoked","conflict.yoked"
"231","CA1","Xxylt1",3.24,"8.88e-02",1.05,"standard.yoked vs. conflict.yoked","conflict.yoked"
"232","CA1","Zeb1",1.68,"4.21e-02",1.38,"standard.yoked vs. conflict.yoked","conflict.yoked"
"233","CA1","Zfp316",2.61,"6.48e-02",1.19,"standard.yoked vs. conflict.yoked","conflict.yoked"
"234","CA1","Zfp780b",6.95,"7.78e-02",1.11,"standard.yoked vs. conflict.yoked","conflict.yoked"
"235","CA1","Zfp788",1.98,"9.66e-02",1.02,"standard.yoked vs. conflict.yoked","conflict.yoked"
"236","CA1","Zfp831",2.03,"5.68e-02",1.25,"standard.yoked vs. conflict.yoked","conflict.yoked"
"237","CA1","Zkscan17",2.41,"9.68e-02",1.01,"standard.yoked vs. conflict.yoked","conflict.yoked"
"238","CA1","Zmpste24",7.01,"7.44e-02",1.13,"standard.yoked vs. conflict.yoked","conflict.yoked"
"239","CA1","Zscan18",6.77,"8.62e-02",1.06,"standard.yoked vs. conflict.yoked","conflict.yoked"
"240","CA1","Zscan26",-0.95,"9.36e-02",1.03,"standard.yoked vs. conflict.yoked","standard.yoked"
"241","CA1","2410002F23Rik",1.49,"6.54e-02",1.18,"standard.yoked vs. standard.trained","standard.trained"
"242","CA1","3632451O06Rik",2.79,"7.15e-02",1.15,"standard.yoked vs. standard.trained","standard.trained"
"243","CA1","4933434E20Rik",-1.16,"7.60e-02",1.12,"standard.yoked vs. standard.trained","standard.yoked"
"244","CA1","AU019823",3.26,"6.53e-02",1.19,"standard.yoked vs. standard.trained","standard.trained"
"245","CA1","AU040320",1.33,"6.29e-02",1.2,"standard.yoked vs. standard.trained","standard.trained"
"246","CA1","Abcb4",-2.27,"6.68e-02",1.18,"standard.yoked vs. standard.trained","standard.yoked"
"247","CA1","Acad8",2.98,"6.53e-02",1.19,"standard.yoked vs. standard.trained","standard.trained"
"248","CA1","Adamts1",3.44,"6.41e-04",3.19,"standard.yoked vs. standard.trained","standard.trained"
"249","CA1","Adcy6",3.12,"4.98e-02",1.3,"standard.yoked vs. standard.trained","standard.trained"
"250","CA1","Adcyap1r1",2.59,"6.29e-03",2.2,"standard.yoked vs. standard.trained","standard.trained"
"251","CA1","Adgrf5",6.64,"9.60e-02",1.02,"standard.yoked vs. standard.trained","standard.trained"
"252","CA1","Adrbk2",1.57,"9.38e-02",1.03,"standard.yoked vs. standard.trained","standard.trained"
"253","CA1","Agap1",3.22,"1.05e-05",4.98,"standard.yoked vs. standard.trained","standard.trained"
"254","CA1","Agpat1",-0.79,"5.23e-02",1.28,"standard.yoked vs. standard.trained","standard.yoked"
"255","CA1","Ahcyl1",0.68,"7.52e-02",1.12,"standard.yoked vs. standard.trained","standard.trained"
"256","CA1","Ahnak",7.03,"6.54e-02",1.18,"standard.yoked vs. standard.trained","standard.trained"
"257","CA1","Akap9",1.26,"9.45e-02",1.02,"standard.yoked vs. standard.trained","standard.trained"
"258","CA1","Anxa6",1.82,"2.27e-02",1.64,"standard.yoked vs. standard.trained","standard.trained"
"259","CA1","Ap3s2",1.68,"4.23e-02",1.37,"standard.yoked vs. standard.trained","standard.trained"
"260","CA1","Arhgap29",6.84,"8.86e-02",1.05,"standard.yoked vs. standard.trained","standard.trained"
"261","CA1","Arid1a",1.27,"7.09e-02",1.15,"standard.yoked vs. standard.trained","standard.trained"
"262","CA1","Arid5b",3.66,"3.37e-02",1.47,"standard.yoked vs. standard.trained","standard.trained"
"263","CA1","Asb3",6.55,"9.60e-02",1.02,"standard.yoked vs. standard.trained","standard.trained"
"264","CA1","Ash1l",1.21,"6.20e-02",1.21,"standard.yoked vs. standard.trained","standard.trained"
"265","CA1","Atpaf2",6.58,"9.35e-02",1.03,"standard.yoked vs. standard.trained","standard.trained"
"266","CA1","Atxn10",-0.69,"6.18e-02",1.21,"standard.yoked vs. standard.trained","standard.yoked"
"267","CA1","Axl",2.6,"9.96e-02",1,"standard.yoked vs. standard.trained","standard.trained"
"268","CA1","B4galnt4",-1.24,"6.18e-02",1.21,"standard.yoked vs. standard.trained","standard.yoked"
"269","CA1","BC024978",2.33,"9.62e-02",1.02,"standard.yoked vs. standard.trained","standard.trained"
"270","CA1","Bahcc1",2.18,"8.86e-02",1.05,"standard.yoked vs. standard.trained","standard.trained"
"271","CA1","Bbs4",2.49,"6.68e-02",1.18,"standard.yoked vs. standard.trained","standard.trained"
"272","CA1","Bhlhe22",-1.25,"6.29e-02",1.2,"standard.yoked vs. standard.trained","standard.yoked"
"273","CA1","Braf",1.18,"6.68e-02",1.18,"standard.yoked vs. standard.trained","standard.trained"
"274","CA1","Bud31",-1.86,"4.88e-02",1.31,"standard.yoked vs. standard.trained","standard.yoked"
"275","CA1","C1galt1c1",-1.95,"5.34e-02",1.27,"standard.yoked vs. standard.trained","standard.yoked"
"276","CA1","C2cd3",1.99,"6.68e-02",1.18,"standard.yoked vs. standard.trained","standard.trained"
"277","CA1","Camkv",-0.45,"9.62e-02",1.02,"standard.yoked vs. standard.trained","standard.yoked"
"278","CA1","Capn10",2.34,"7.39e-02",1.13,"standard.yoked vs. standard.trained","standard.trained"
"279","CA1","Capn15",-0.94,"9.90e-02",1,"standard.yoked vs. standard.trained","standard.yoked"
"280","CA1","Cbfa2t2",1.72,"6.20e-02",1.21,"standard.yoked vs. standard.trained","standard.trained"
"281","CA1","Cbx5",1.11,"5.12e-02",1.29,"standard.yoked vs. standard.trained","standard.trained"
"282","CA1","Ccdc53",-2.54,"4.98e-02",1.3,"standard.yoked vs. standard.trained","standard.yoked"
"283","CA1","Ccdc85b",-1.11,"7.14e-02",1.15,"standard.yoked vs. standard.trained","standard.yoked"
"284","CA1","Cdkn1a",6.81,"8.86e-02",1.05,"standard.yoked vs. standard.trained","standard.trained"
"285","CA1","Cdv3",1.62,"5.72e-02",1.24,"standard.yoked vs. standard.trained","standard.trained"
"286","CA1","Chmp2b",2.31,"6.18e-02",1.21,"standard.yoked vs. standard.trained","standard.trained"
"287","CA1","Chsy1",6.43,"9.63e-02",1.02,"standard.yoked vs. standard.trained","standard.trained"
"288","CA1","Cnr1",1.59,"6.18e-02",1.21,"standard.yoked vs. standard.trained","standard.trained"
"289","CA1","Cog3",1.67,"8.14e-02",1.09,"standard.yoked vs. standard.trained","standard.trained"
"290","CA1","Commd4",-1.59,"5.72e-02",1.24,"standard.yoked vs. standard.trained","standard.yoked"
"291","CA1","Copa",0.83,"9.45e-02",1.02,"standard.yoked vs. standard.trained","standard.trained"
"292","CA1","Cpeb3",2.53,"1.53e-02",1.81,"standard.yoked vs. standard.trained","standard.trained"
"293","CA1","Cpne6",-0.6,"8.86e-02",1.05,"standard.yoked vs. standard.trained","standard.yoked"
"294","CA1","Cpne7",-1.83,"1.38e-02",1.86,"standard.yoked vs. standard.trained","standard.yoked"
"295","CA1","Ctc1",4,"5.38e-02",1.27,"standard.yoked vs. standard.trained","standard.trained"
"296","CA1","Ctnnd1",3.1,"3.51e-02",1.45,"standard.yoked vs. standard.trained","standard.trained"
"297","CA1","Ctso",6.65,"9.38e-02",1.03,"standard.yoked vs. standard.trained","standard.trained"
"298","CA1","Dact2",3.45,"5.23e-02",1.28,"standard.yoked vs. standard.trained","standard.trained"
"299","CA1","Dcaf12",2.52,"2.27e-02",1.64,"standard.yoked vs. standard.trained","standard.trained"
"300","CA1","Dennd2a",2.13,"6.66e-02",1.18,"standard.yoked vs. standard.trained","standard.trained"
"301","CA1","Dgkh",2.14,"9.60e-02",1.02,"standard.yoked vs. standard.trained","standard.trained"
"302","CA1","Diaph2",2.54,"3.12e-02",1.51,"standard.yoked vs. standard.trained","standard.trained"
"303","CA1","Dlg1",1.68,"5.72e-02",1.24,"standard.yoked vs. standard.trained","standard.trained"
"304","CA1","Dnajb9",2.04,"6.53e-02",1.19,"standard.yoked vs. standard.trained","standard.trained"
"305","CA1","Dner",0.91,"9.45e-02",1.02,"standard.yoked vs. standard.trained","standard.trained"
"306","CA1","Dock6",3.22,"8.46e-02",1.07,"standard.yoked vs. standard.trained","standard.trained"
"307","CA1","Dolpp1",6.71,"8.46e-02",1.07,"standard.yoked vs. standard.trained","standard.trained"
"308","CA1","Dpy19l3",1.6,"6.01e-02",1.22,"standard.yoked vs. standard.trained","standard.trained"
"309","CA1","Eif2s2",1.69,"6.29e-02",1.2,"standard.yoked vs. standard.trained","standard.trained"
"310","CA1","Eif2s3x",1.32,"5.72e-02",1.24,"standard.yoked vs. standard.trained","standard.trained"
"311","CA1","Erbb4",2.01,"9.38e-02",1.03,"standard.yoked vs. standard.trained","standard.trained"
"312","CA1","Ercc4",7.2,"6.03e-02",1.22,"standard.yoked vs. standard.trained","standard.trained"
"313","CA1","Ermp1",2.82,"1.02e-02",1.99,"standard.yoked vs. standard.trained","standard.trained"
"314","CA1","Exoc1",-1.13,"5.37e-02",1.27,"standard.yoked vs. standard.trained","standard.yoked"
"315","CA1","Extl2",1.21,"7.57e-02",1.12,"standard.yoked vs. standard.trained","standard.trained"
"316","CA1","Fam131a",-0.62,"6.54e-02",1.18,"standard.yoked vs. standard.trained","standard.yoked"
"317","CA1","Fam19a1",-0.81,"9.60e-02",1.02,"standard.yoked vs. standard.trained","standard.yoked"
"318","CA1","Fam63b",1.8,"4.06e-02",1.39,"standard.yoked vs. standard.trained","standard.trained"
"319","CA1","Fbxo32",7.38,"5.62e-02",1.25,"standard.yoked vs. standard.trained","standard.trained"
"320","CA1","Fbxw2",-1.3,"5.23e-02",1.28,"standard.yoked vs. standard.trained","standard.yoked"
"321","CA1","Fem1b",1.28,"6.68e-02",1.18,"standard.yoked vs. standard.trained","standard.trained"
"322","CA1","Fip1l1",1.6,"6.83e-02",1.17,"standard.yoked vs. standard.trained","standard.trained"
"323","CA1","Fndc10",6.61,"8.30e-02",1.08,"standard.yoked vs. standard.trained","standard.trained"
"324","CA1","Fut9",3.14,"2.27e-02",1.64,"standard.yoked vs. standard.trained","standard.trained"
"325","CA1","Gad2",2.62,"1.33e-02",1.88,"standard.yoked vs. standard.trained","standard.trained"
"326","CA1","Galnt9",-0.73,"8.05e-02",1.09,"standard.yoked vs. standard.trained","standard.yoked"
"327","CA1","Gfra2",1.82,"9.80e-02",1.01,"standard.yoked vs. standard.trained","standard.trained"
"328","CA1","Gipc1",-1.55,"2.60e-02",1.59,"standard.yoked vs. standard.trained","standard.yoked"
"329","CA1","Gm14326",3.49,"9.62e-02",1.02,"standard.yoked vs. standard.trained","standard.trained"
"330","CA1","Gm16485",6.64,"9.63e-02",1.02,"standard.yoked vs. standard.trained","standard.trained"
"331","CA1","Gm21685",1.94,"6.68e-02",1.18,"standard.yoked vs. standard.trained","standard.trained"
"332","CA1","Gm43951",6.86,"7.31e-02",1.14,"standard.yoked vs. standard.trained","standard.trained"
"333","CA1","Gm4631",1.09,"6.98e-02",1.16,"standard.yoked vs. standard.trained","standard.trained"
"334","CA1","Gm996",-0.84,"6.68e-02",1.18,"standard.yoked vs. standard.trained","standard.yoked"
"335","CA1","Gmps",1.77,"9.04e-03",2.04,"standard.yoked vs. standard.trained","standard.trained"
"336","CA1","Gnpat",-1.42,"5.72e-02",1.24,"standard.yoked vs. standard.trained","standard.yoked"
"337","CA1","Gpd1",-0.85,"5.15e-02",1.29,"standard.yoked vs. standard.trained","standard.yoked"
"338","CA1","Gramd4",6.94,"6.54e-02",1.18,"standard.yoked vs. standard.trained","standard.trained"
"339","CA1","Gria4",2.45,"4.98e-02",1.3,"standard.yoked vs. standard.trained","standard.trained"
"340","CA1","Grsf1",-0.94,"9.10e-02",1.04,"standard.yoked vs. standard.trained","standard.yoked"
"341","CA1","Gsk3b",1.37,"1.53e-02",1.81,"standard.yoked vs. standard.trained","standard.trained"
"342","CA1","Gstm1",2.1,"1.65e-02",1.78,"standard.yoked vs. standard.trained","standard.trained"
"343","CA1","Gtf2f1",1.53,"6.53e-02",1.19,"standard.yoked vs. standard.trained","standard.trained"
"344","CA1","Gtpbp6",-1.53,"8.86e-02",1.05,"standard.yoked vs. standard.trained","standard.yoked"
"345","CA1","Gucy1a3",6.52,"9.38e-02",1.03,"standard.yoked vs. standard.trained","standard.trained"
"346","CA1","Hadhb",2.38,"6.18e-02",1.21,"standard.yoked vs. standard.trained","standard.trained"
"347","CA1","Hba-a2",6.67,"9.38e-02",1.03,"standard.yoked vs. standard.trained","standard.trained"
"348","CA1","Hdac9",1.5,"8.42e-02",1.07,"standard.yoked vs. standard.trained","standard.trained"
"349","CA1","Hdx",-1.99,"8.86e-02",1.05,"standard.yoked vs. standard.trained","standard.yoked"
"350","CA1","Hgh1",-2.44,"6.29e-02",1.2,"standard.yoked vs. standard.trained","standard.yoked"
"351","CA1","Hnrnpr",-1.12,"2.01e-02",1.7,"standard.yoked vs. standard.trained","standard.yoked"
"352","CA1","Id2",7.35,"5.72e-02",1.24,"standard.yoked vs. standard.trained","standard.trained"
"353","CA1","Igsf11",1.86,"9.45e-02",1.02,"standard.yoked vs. standard.trained","standard.trained"
"354","CA1","Inafm1",-1.49,"9.80e-02",1.01,"standard.yoked vs. standard.trained","standard.yoked"
"355","CA1","Ino80",-1.39,"8.14e-02",1.09,"standard.yoked vs. standard.trained","standard.yoked"
"356","CA1","Inpp5f",0.94,"5.72e-02",1.24,"standard.yoked vs. standard.trained","standard.trained"
"357","CA1","Insr",2.43,"4.15e-03",2.38,"standard.yoked vs. standard.trained","standard.trained"
"358","CA1","Jade1",2.87,"7.60e-02",1.12,"standard.yoked vs. standard.trained","standard.trained"
"359","CA1","Jag2",1.35,"9.01e-02",1.05,"standard.yoked vs. standard.trained","standard.trained"
"360","CA1","Jam2",7.18,"5.79e-02",1.24,"standard.yoked vs. standard.trained","standard.trained"
"361","CA1","Kcnma1",1.82,"5.72e-02",1.24,"standard.yoked vs. standard.trained","standard.trained"
"362","CA1","Kdm2a",1.74,"6.29e-03",2.2,"standard.yoked vs. standard.trained","standard.trained"
"363","CA1","Keap1",1.79,"6.68e-02",1.18,"standard.yoked vs. standard.trained","standard.trained"
"364","CA1","Kif3b",1.57,"3.96e-02",1.4,"standard.yoked vs. standard.trained","standard.trained"
"365","CA1","Kmt2e",1.01,"4.46e-02",1.35,"standard.yoked vs. standard.trained","standard.trained"
"366","CA1","Kri1",-1.63,"6.29e-02",1.2,"standard.yoked vs. standard.trained","standard.yoked"
"367","CA1","Lamtor2",-2.22,"1.12e-02",1.95,"standard.yoked vs. standard.trained","standard.yoked"
"368","CA1","Lamtor3",-1.61,"7.09e-02",1.15,"standard.yoked vs. standard.trained","standard.yoked"
"369","CA1","Large",0.81,"7.60e-02",1.12,"standard.yoked vs. standard.trained","standard.trained"
"370","CA1","Larp4b",1.5,"4.23e-02",1.37,"standard.yoked vs. standard.trained","standard.trained"
"371","CA1","Lats2",3.54,"2.69e-03",2.57,"standard.yoked vs. standard.trained","standard.trained"
"372","CA1","Lhfpl4",1.24,"1.65e-02",1.78,"standard.yoked vs. standard.trained","standard.trained"
"373","CA1","Lrch4",7.72,"9.62e-02",1.02,"standard.yoked vs. standard.trained","standard.trained"
"374","CA1","Lrfn4",-1.21,"9.45e-02",1.02,"standard.yoked vs. standard.trained","standard.yoked"
"375","CA1","Ltbp3",7.07,"6.68e-02",1.18,"standard.yoked vs. standard.trained","standard.trained"
"376","CA1","Map3k3",1.77,"7.09e-02",1.15,"standard.yoked vs. standard.trained","standard.trained"
"377","CA1","Map9",0.92,"9.62e-02",1.02,"standard.yoked vs. standard.trained","standard.trained"
"378","CA1","Mapkapk2",1.89,"9.60e-02",1.02,"standard.yoked vs. standard.trained","standard.trained"
"379","CA1","Mars2",-1.69,"7.15e-02",1.15,"standard.yoked vs. standard.trained","standard.yoked"
"380","CA1","Mbd1",5.08,"6.62e-02",1.18,"standard.yoked vs. standard.trained","standard.trained"
"381","CA1","Mcc",4.72,"9.80e-02",1.01,"standard.yoked vs. standard.trained","standard.trained"
"382","CA1","Med10",-1.31,"5.72e-02",1.24,"standard.yoked vs. standard.trained","standard.yoked"
"383","CA1","Med26",6.66,"9.37e-02",1.03,"standard.yoked vs. standard.trained","standard.trained"
"384","CA1","Mef2d",0.93,"4.88e-02",1.31,"standard.yoked vs. standard.trained","standard.trained"
"385","CA1","Megf8",0.93,"5.72e-02",1.24,"standard.yoked vs. standard.trained","standard.trained"
"386","CA1","Mga",2.73,"6.41e-04",3.19,"standard.yoked vs. standard.trained","standard.trained"
"387","CA1","Mlf2",-0.68,"7.59e-02",1.12,"standard.yoked vs. standard.trained","standard.yoked"
"388","CA1","Mn1",1.47,"6.20e-02",1.21,"standard.yoked vs. standard.trained","standard.trained"
"389","CA1","Mrpl16",6.43,"9.86e-02",1.01,"standard.yoked vs. standard.trained","standard.trained"
"390","CA1","Mturn",1.06,"3.12e-02",1.51,"standard.yoked vs. standard.trained","standard.trained"
"391","CA1","Naa16",-2.73,"7.66e-02",1.12,"standard.yoked vs. standard.trained","standard.yoked"
"392","CA1","Nat8l",0.56,"8.05e-02",1.09,"standard.yoked vs. standard.trained","standard.trained"
"393","CA1","Ncapd3",3.11,"5.72e-02",1.24,"standard.yoked vs. standard.trained","standard.trained"
"394","CA1","Nceh1",0.84,"7.18e-02",1.14,"standard.yoked vs. standard.trained","standard.trained"
"395","CA1","Ncoa4",2.03,"1.83e-02",1.74,"standard.yoked vs. standard.trained","standard.trained"
"396","CA1","Ndufs3",-1.04,"6.53e-02",1.19,"standard.yoked vs. standard.trained","standard.yoked"
"397","CA1","Nectin1",2.27,"9.42e-02",1.03,"standard.yoked vs. standard.trained","standard.trained"
"398","CA1","Nek9",1.24,"6.83e-02",1.17,"standard.yoked vs. standard.trained","standard.trained"
"399","CA1","Neto2",1.73,"4.98e-02",1.3,"standard.yoked vs. standard.trained","standard.trained"
"400","CA1","Nfatc3",6.4,"9.96e-02",1,"standard.yoked vs. standard.trained","standard.trained"
"401","CA1","Nmnat2",1.39,"4.88e-02",1.31,"standard.yoked vs. standard.trained","standard.trained"
"402","CA1","Nos1",1.81,"5.63e-02",1.25,"standard.yoked vs. standard.trained","standard.trained"
"403","CA1","Notch2",7.17,"5.98e-02",1.22,"standard.yoked vs. standard.trained","standard.trained"
"404","CA1","Nptx2",1.46,"5.53e-02",1.26,"standard.yoked vs. standard.trained","standard.trained"
"405","CA1","Nr3c1",1.72,"4.65e-03",2.33,"standard.yoked vs. standard.trained","standard.trained"
"406","CA1","Ntpcr",-2.41,"2.01e-02",1.7,"standard.yoked vs. standard.trained","standard.yoked"
"407","CA1","Ntrk3",1.31,"8.86e-02",1.05,"standard.yoked vs. standard.trained","standard.trained"
"408","CA1","Nup210",1.83,"6.29e-02",1.2,"standard.yoked vs. standard.trained","standard.trained"
"409","CA1","Pank2",-1.26,"9.60e-02",1.02,"standard.yoked vs. standard.trained","standard.yoked"
"410","CA1","Pcdh10",1.96,"9.04e-03",2.04,"standard.yoked vs. standard.trained","standard.trained"
"411","CA1","Pcdh19",1.88,"3.12e-02",1.51,"standard.yoked vs. standard.trained","standard.trained"
"412","CA1","Pcdhga2",3.48,"1.65e-02",1.78,"standard.yoked vs. standard.trained","standard.trained"
"413","CA1","Pcdhga7",6.73,"9.80e-02",1.01,"standard.yoked vs. standard.trained","standard.trained"
"414","CA1","Pcnt",2.81,"5.72e-02",1.24,"standard.yoked vs. standard.trained","standard.trained"
"415","CA1","Pdgfra",3.27,"8.48e-02",1.07,"standard.yoked vs. standard.trained","standard.trained"
"416","CA1","Pdpr",4.77,"7.65e-02",1.12,"standard.yoked vs. standard.trained","standard.trained"
"417","CA1","Pdxk",1.2,"5.45e-02",1.26,"standard.yoked vs. standard.trained","standard.trained"
"418","CA1","Pex26",6.7,"8.86e-02",1.05,"standard.yoked vs. standard.trained","standard.trained"
"419","CA1","Phlpp2",1.67,"7.55e-02",1.12,"standard.yoked vs. standard.trained","standard.trained"
"420","CA1","Pin1",-1.36,"6.68e-02",1.18,"standard.yoked vs. standard.trained","standard.yoked"
"421","CA1","Pitpnc1",1.7,"4.88e-02",1.31,"standard.yoked vs. standard.trained","standard.trained"
"422","CA1","Plrg1",4.31,"5.23e-02",1.28,"standard.yoked vs. standard.trained","standard.trained"
"423","CA1","Polr2a",1.13,"9.16e-02",1.04,"standard.yoked vs. standard.trained","standard.trained"
"424","CA1","Polrmt",-1.14,"7.95e-02",1.1,"standard.yoked vs. standard.trained","standard.yoked"
"425","CA1","Ppfia1",-1.2,"6.68e-02",1.18,"standard.yoked vs. standard.trained","standard.yoked"
"426","CA1","Ppfia3",-0.67,"6.53e-02",1.19,"standard.yoked vs. standard.trained","standard.yoked"
"427","CA1","Ppp2r3c",6.9,"6.53e-02",1.19,"standard.yoked vs. standard.trained","standard.trained"
"428","CA1","Prkar1b",-0.6,"8.86e-02",1.05,"standard.yoked vs. standard.trained","standard.yoked"
"429","CA1","Prkdc",1.78,"7.59e-02",1.12,"standard.yoked vs. standard.trained","standard.trained"
"430","CA1","Prpf18",2.72,"4.88e-02",1.31,"standard.yoked vs. standard.trained","standard.trained"
"431","CA1","Prps2",4.01,"5.72e-02",1.24,"standard.yoked vs. standard.trained","standard.trained"
"432","CA1","Pum2",1.11,"3.12e-02",1.51,"standard.yoked vs. standard.trained","standard.trained"
"433","CA1","Pura",2.47,"1.58e-02",1.8,"standard.yoked vs. standard.trained","standard.trained"
"434","CA1","Rab4b",1.88,"6.45e-02",1.19,"standard.yoked vs. standard.trained","standard.trained"
"435","CA1","Rasl11b",-1,"7.14e-02",1.15,"standard.yoked vs. standard.trained","standard.yoked"
"436","CA1","Rbm12b1",-2.41,"9.38e-02",1.03,"standard.yoked vs. standard.trained","standard.yoked"
"437","CA1","Rdh1",6.6,"8.98e-02",1.05,"standard.yoked vs. standard.trained","standard.trained"
"438","CA1","Rfwd3",3.11,"9.65e-02",1.02,"standard.yoked vs. standard.trained","standard.trained"
"439","CA1","Rnaseh2c",-2.14,"9.45e-02",1.02,"standard.yoked vs. standard.trained","standard.yoked"
"440","CA1","Rnf112",-0.63,"9.38e-02",1.03,"standard.yoked vs. standard.trained","standard.yoked"
"441","CA1","Rnf149",2.51,"6.68e-02",1.18,"standard.yoked vs. standard.trained","standard.trained"
"442","CA1","Rnf157",0.76,"4.88e-02",1.31,"standard.yoked vs. standard.trained","standard.trained"
"443","CA1","Rnpep",1.99,"4.88e-02",1.31,"standard.yoked vs. standard.trained","standard.trained"
"444","CA1","Rpl10-ps3",9.1,"1.65e-02",1.78,"standard.yoked vs. standard.trained","standard.trained"
"445","CA1","Rps6",-0.81,"9.62e-02",1.02,"standard.yoked vs. standard.trained","standard.yoked"
"446","CA1","Rsbn1",2.92,"5.72e-02",1.24,"standard.yoked vs. standard.trained","standard.trained"
"447","CA1","Rsph3a",-2.07,"8.21e-02",1.09,"standard.yoked vs. standard.trained","standard.yoked"
"448","CA1","Rufy2",-1.57,"6.01e-02",1.22,"standard.yoked vs. standard.trained","standard.yoked"
"449","CA1","S1pr1",1.85,"5.72e-02",1.24,"standard.yoked vs. standard.trained","standard.trained"
"450","CA1","Safb2",-0.93,"7.94e-02",1.1,"standard.yoked vs. standard.trained","standard.yoked"
"451","CA1","Sbno1",1,"6.53e-02",1.19,"standard.yoked vs. standard.trained","standard.trained"
"452","CA1","Scaper",4.28,"3.11e-02",1.51,"standard.yoked vs. standard.trained","standard.trained"
"453","CA1","Scn4b",2.14,"7.63e-03",2.12,"standard.yoked vs. standard.trained","standard.trained"
"454","CA1","Sdc3",1.25,"5.72e-02",1.24,"standard.yoked vs. standard.trained","standard.trained"
"455","CA1","Sdhaf2",-1.26,"6.83e-02",1.17,"standard.yoked vs. standard.trained","standard.yoked"
"456","CA1","Serinc5",1.61,"4.20e-02",1.38,"standard.yoked vs. standard.trained","standard.trained"
"457","CA1","Setd5",1.78,"4.15e-03",2.38,"standard.yoked vs. standard.trained","standard.trained"
"458","CA1","Shisa7",-0.59,"6.53e-02",1.19,"standard.yoked vs. standard.trained","standard.yoked"
"459","CA1","Shoc2",2.22,"3.65e-03",2.44,"standard.yoked vs. standard.trained","standard.trained"
"460","CA1","Slc12a4",6.49,"9.62e-02",1.02,"standard.yoked vs. standard.trained","standard.trained"
"461","CA1","Slc23a2",1.11,"6.68e-02",1.18,"standard.yoked vs. standard.trained","standard.trained"
"462","CA1","Slc30a1",1.84,"6.68e-02",1.18,"standard.yoked vs. standard.trained","standard.trained"
"463","CA1","Slc35e2",1.63,"4.40e-02",1.36,"standard.yoked vs. standard.trained","standard.trained"
"464","CA1","Slc35f1",2.08,"5.11e-02",1.29,"standard.yoked vs. standard.trained","standard.trained"
"465","CA1","Slc39a13",3.07,"7.59e-02",1.12,"standard.yoked vs. standard.trained","standard.trained"
"466","CA1","Slc4a3",1.24,"5.72e-02",1.24,"standard.yoked vs. standard.trained","standard.trained"
"467","CA1","Slc6a9",7.52,"5.23e-02",1.28,"standard.yoked vs. standard.trained","standard.trained"
"468","CA1","Slc7a11",6.71,"9.45e-02",1.02,"standard.yoked vs. standard.trained","standard.trained"
"469","CA1","Slc9a7",5.12,"6.68e-02",1.18,"standard.yoked vs. standard.trained","standard.trained"
"470","CA1","Slco1c1",2.98,"6.35e-02",1.2,"standard.yoked vs. standard.trained","standard.trained"
"471","CA1","Smad9",6.48,"9.98e-02",1,"standard.yoked vs. standard.trained","standard.trained"
"472","CA1","Smc1a",1.46,"6.18e-02",1.21,"standard.yoked vs. standard.trained","standard.trained"
"473","CA1","Smpd3",0.94,"9.16e-02",1.04,"standard.yoked vs. standard.trained","standard.trained"
"474","CA1","Snx12",1.53,"5.23e-02",1.28,"standard.yoked vs. standard.trained","standard.trained"
"475","CA1","Snx18",3.93,"5.72e-02",1.24,"standard.yoked vs. standard.trained","standard.trained"
"476","CA1","Soga1",3.6,"1.79e-03",2.75,"standard.yoked vs. standard.trained","standard.trained"
"477","CA1","Sox5",6.4,"9.98e-02",1,"standard.yoked vs. standard.trained","standard.trained"
"478","CA1","Spin1",0.78,"6.68e-02",1.18,"standard.yoked vs. standard.trained","standard.trained"
"479","CA1","Sptb",1.04,"5.72e-02",1.24,"standard.yoked vs. standard.trained","standard.trained"
"480","CA1","Srm",1.98,"6.18e-02",1.21,"standard.yoked vs. standard.trained","standard.trained"
"481","CA1","Srprb",7.21,"5.72e-02",1.24,"standard.yoked vs. standard.trained","standard.trained"
"482","CA1","St8sia4",6.87,"9.14e-02",1.04,"standard.yoked vs. standard.trained","standard.trained"
"483","CA1","Stam",1.7,"2.60e-02",1.59,"standard.yoked vs. standard.trained","standard.trained"
"484","CA1","Stard13",6.91,"9.38e-02",1.03,"standard.yoked vs. standard.trained","standard.trained"
"485","CA1","Stom",-2.51,"9.16e-02",1.04,"standard.yoked vs. standard.trained","standard.yoked"
"486","CA1","Stx3",-1.56,"4.20e-02",1.38,"standard.yoked vs. standard.trained","standard.yoked"
"487","CA1","Syncrip",1.31,"9.63e-02",1.02,"standard.yoked vs. standard.trained","standard.trained"
"488","CA1","Szt2",1.91,"5.72e-02",1.24,"standard.yoked vs. standard.trained","standard.trained"
"489","CA1","Tecpr2",1.39,"4.88e-02",1.31,"standard.yoked vs. standard.trained","standard.trained"
"490","CA1","Tenm1",2.49,"9.63e-02",1.02,"standard.yoked vs. standard.trained","standard.trained"
"491","CA1","Tet3",1.37,"6.29e-02",1.2,"standard.yoked vs. standard.trained","standard.trained"
"492","CA1","Tgoln1",1.05,"6.30e-02",1.2,"standard.yoked vs. standard.trained","standard.trained"
"493","CA1","Timm23",7.86,"6.68e-02",1.18,"standard.yoked vs. standard.trained","standard.trained"
"494","CA1","Tiparp",1.64,"9.62e-02",1.02,"standard.yoked vs. standard.trained","standard.trained"
"495","CA1","Tmed10",0.98,"9.98e-02",1,"standard.yoked vs. standard.trained","standard.trained"
"496","CA1","Tmem170b",1.64,"4.73e-02",1.32,"standard.yoked vs. standard.trained","standard.trained"
"497","CA1","Tmem199",-1.52,"4.23e-02",1.37,"standard.yoked vs. standard.trained","standard.yoked"
"498","CA1","Tmem231",6.47,"9.45e-02",1.02,"standard.yoked vs. standard.trained","standard.trained"
"499","CA1","Tmem38a",-0.94,"6.53e-02",1.19,"standard.yoked vs. standard.trained","standard.yoked"
"500","CA1","Tmem70",-1.51,"9.60e-02",1.02,"standard.yoked vs. standard.trained","standard.yoked"
"501","CA1","Tnrc6b",1.68,"1.89e-02",1.72,"standard.yoked vs. standard.trained","standard.trained"
"502","CA1","Trim26",6.27,"9.96e-02",1,"standard.yoked vs. standard.trained","standard.trained"
"503","CA1","Trim39",-1.5,"9.45e-02",1.02,"standard.yoked vs. standard.trained","standard.yoked"
"504","CA1","Trmt2b",6.99,"6.68e-02",1.18,"standard.yoked vs. standard.trained","standard.trained"
"505","CA1","Trp53i11",6.56,"9.65e-02",1.02,"standard.yoked vs. standard.trained","standard.trained"
"506","CA1","Tsc22d4",1.76,"8.86e-02",1.05,"standard.yoked vs. standard.trained","standard.trained"
"507","CA1","Tsn",1.13,"8.86e-02",1.05,"standard.yoked vs. standard.trained","standard.trained"
"508","CA1","Tspan3",-0.73,"6.29e-02",1.2,"standard.yoked vs. standard.trained","standard.yoked"
"509","CA1","Ttc7b",1.27,"1.65e-02",1.78,"standard.yoked vs. standard.trained","standard.trained"
"510","CA1","Ttll7",1.16,"5.62e-02",1.25,"standard.yoked vs. standard.trained","standard.trained"
"511","CA1","Tulp3",4.23,"3.11e-02",1.51,"standard.yoked vs. standard.trained","standard.trained"
"512","CA1","Uba6",3.7,"7.31e-02",1.14,"standard.yoked vs. standard.trained","standard.trained"
"513","CA1","Ube4a",1.43,"6.29e-02",1.2,"standard.yoked vs. standard.trained","standard.trained"
"514","CA1","Ubiad1",-2.88,"9.37e-02",1.03,"standard.yoked vs. standard.trained","standard.yoked"
"515","CA1","Ubxn2a",4.24,"3.23e-02",1.49,"standard.yoked vs. standard.trained","standard.trained"
"516","CA1","Uckl1",-1.63,"6.68e-02",1.18,"standard.yoked vs. standard.trained","standard.yoked"
"517","CA1","Unk",7.41,"5.23e-02",1.28,"standard.yoked vs. standard.trained","standard.trained"
"518","CA1","Usp37",3.97,"5.72e-02",1.24,"standard.yoked vs. standard.trained","standard.trained"
"519","CA1","Usp6nl",6.57,"9.62e-02",1.02,"standard.yoked vs. standard.trained","standard.trained"
"520","CA1","Utp14b",7.22,"6.18e-02",1.21,"standard.yoked vs. standard.trained","standard.trained"
"521","CA1","Uvssa",6.94,"8.05e-02",1.09,"standard.yoked vs. standard.trained","standard.trained"
"522","CA1","Vcan",6.84,"6.68e-02",1.18,"standard.yoked vs. standard.trained","standard.trained"
"523","CA1","Vipas39",-1.4,"6.54e-02",1.18,"standard.yoked vs. standard.trained","standard.yoked"
"524","CA1","Zbtb11",1.5,"6.83e-02",1.17,"standard.yoked vs. standard.trained","standard.trained"
"525","CA1","Zc3h13",1.69,"3.89e-02",1.41,"standard.yoked vs. standard.trained","standard.trained"
"526","CA1","Zeb1",1.42,"6.68e-02",1.18,"standard.yoked vs. standard.trained","standard.trained"
"527","CA1","Zfp13",4.79,"8.86e-02",1.05,"standard.yoked vs. standard.trained","standard.trained"
"528","CA1","Zfp316",2.99,"2.04e-02",1.69,"standard.yoked vs. standard.trained","standard.trained"
"529","CA1","Zfp536",7.12,"6.53e-02",1.19,"standard.yoked vs. standard.trained","standard.trained"
"530","CA1","Zfp622",1.71,"5.15e-02",1.29,"standard.yoked vs. standard.trained","standard.trained"
"531","CA1","Zfp626",-2.02,"9.62e-02",1.02,"standard.yoked vs. standard.trained","standard.yoked"
"532","CA1","Zfp668",-1.52,"6.20e-02",1.21,"standard.yoked vs. standard.trained","standard.yoked"
"533","CA1","Zfp780b",6.38,"9.60e-02",1.02,"standard.yoked vs. standard.trained","standard.trained"
"534","CA1","Zfp788",1.9,"9.73e-02",1.01,"standard.yoked vs. standard.trained","standard.trained"
"535","CA1","Zfp831",2.57,"6.29e-03",2.2,"standard.yoked vs. standard.trained","standard.trained"
"536","CA1","Zmpste24",7.14,"6.18e-02",1.21,"standard.yoked vs. standard.trained","standard.trained"
"537","CA1","Zscan18",7.62,"4.88e-02",1.31,"standard.yoked vs. standard.trained","standard.trained"
"538","CA1","Zscan26",-0.95,"7.97e-02",1.1,"standard.yoked vs. standard.trained","standard.yoked"
"539","CA1","Arid5b",1.58,"7.80e-03",2.11,"yoked vs. trained","trained"
"540","CA1","Glcci1",1.92,"2.40e-03",2.62,"yoked vs. trained","trained"
"541","CA1","Kiss1r",-2.3,"6.58e-02",1.18,"yoked vs. trained","yoked"
"542","CA1","Stac3",-2.36,"4.11e-02",1.39,"yoked vs. trained","yoked"
"543","CA3","Ccna2",6.85,"9.97e-02",1,"standard.trained vs. conflict.trained","conflict.trained"
"544","CA3","Col25a1",-1.82,"1.80e-02",1.74,"standard.trained vs. conflict.trained","standard.trained"
"545","CA3","Colec12",-5.37,"6.89e-03",2.16,"standard.trained vs. conflict.trained","standard.trained"
"546","CA3","Crnkl1",3.33,"1.80e-02",1.74,"standard.trained vs. conflict.trained","conflict.trained"
"547","CA3","Erdr1",2.17,"2.47e-05",4.61,"standard.trained vs. conflict.trained","conflict.trained"
"548","CA3","Maf",-2.64,"7.76e-03",2.11,"standard.trained vs. conflict.trained","standard.trained"
"549","CA3","Oprd1",-2.64,"1.80e-02",1.74,"standard.trained vs. conflict.trained","standard.trained"
"550","CA3","Rbms3",-2.32,"1.22e-02",1.91,"standard.trained vs. conflict.trained","standard.trained"
"551","CA3","Rims3",-2.41,"4.80e-02",1.32,"standard.trained vs. conflict.trained","standard.trained"
"552","CA3","Slc32a1",-1.64,"9.94e-02",1,"standard.trained vs. conflict.trained","standard.trained"
"553","CA3","Slc9a2",1.61,"1.80e-02",1.74,"standard.trained vs. conflict.trained","conflict.trained"
"554","CA3","Stab1",-3.16,"9.31e-02",1.03,"standard.trained vs. conflict.trained","standard.trained"
"555","CA3","Timm8a1",5.04,"2.33e-02",1.63,"standard.trained vs. conflict.trained","conflict.trained"
"556","CA3","Sco2",7.48,"1.61e-03",2.79,"standard.yoked vs. conflict.yoked","conflict.yoked"
"557","CA3","Tbc1d16",-2,"4.48e-02",1.35,"standard.yoked vs. conflict.yoked","standard.yoked"
"558","CA3","Erdr1",-1.61,"9.64e-02",1.02,"standard.yoked vs. standard.trained","standard.yoked"
"559","CA3","Gm4724",-3.72,"9.64e-02",1.02,"standard.yoked vs. standard.trained","standard.yoked"
"560","CA3","Sco2",7.93,"7.59e-04",3.12,"standard.yoked vs. standard.trained","standard.trained"
"561","CA3","Timm8a1",-5.03,"9.64e-02",1.02,"standard.yoked vs. standard.trained","standard.yoked"
"562","DG","1190002N15Rik",2,"6.12e-02",1.21,"conflict.yoked vs. conflict.trained","conflict.trained"
"563","DG","A830010M20Rik",1.25,"2.11e-02",1.68,"conflict.yoked vs. conflict.trained","conflict.trained"
"564","DG","Acan",1.53,"2.11e-02",1.68,"conflict.yoked vs. conflict.trained","conflict.trained"
"565","DG","Ankrd33b",1.04,"3.58e-02",1.45,"conflict.yoked vs. conflict.trained","conflict.trained"
"566","DG","Apaf1",1.41,"6.33e-02",1.2,"conflict.yoked vs. conflict.trained","conflict.trained"
"567","DG","Atf6",0.66,"9.80e-02",1.01,"conflict.yoked vs. conflict.trained","conflict.trained"
"568","DG","Btg3",1.73,"9.37e-02",1.03,"conflict.yoked vs. conflict.trained","conflict.trained"
"569","DG","C1ql3",0.65,"7.93e-02",1.1,"conflict.yoked vs. conflict.trained","conflict.trained"
"570","DG","Cntnap2",-1.64,"9.37e-02",1.03,"conflict.yoked vs. conflict.trained","conflict.yoked"
"571","DG","Dalrd3",-0.75,"9.80e-02",1.01,"conflict.yoked vs. conflict.trained","conflict.yoked"
"572","DG","Dbpht2",1.3,"1.50e-02",1.82,"conflict.yoked vs. conflict.trained","conflict.trained"
"573","DG","Dusp4",1.03,"5.51e-02",1.26,"conflict.yoked vs. conflict.trained","conflict.trained"
"574","DG","Errfi1",1.17,"5.51e-02",1.26,"conflict.yoked vs. conflict.trained","conflict.trained"
"575","DG","Fzd5",2.41,"1.50e-02",1.82,"conflict.yoked vs. conflict.trained","conflict.trained"
"576","DG","Gadd45g",1.14,"7.93e-02",1.1,"conflict.yoked vs. conflict.trained","conflict.trained"
"577","DG","Hs6st1",0.68,"9.37e-02",1.03,"conflict.yoked vs. conflict.trained","conflict.trained"
"578","DG","Il16",0.83,"9.46e-02",1.02,"conflict.yoked vs. conflict.trained","conflict.trained"
"579","DG","Irs1",1.24,"7.62e-02",1.12,"conflict.yoked vs. conflict.trained","conflict.trained"
"580","DG","Irs2",1.07,"4.67e-02",1.33,"conflict.yoked vs. conflict.trained","conflict.trained"
"581","DG","Jag1",1.47,"6.12e-02",1.21,"conflict.yoked vs. conflict.trained","conflict.trained"
"582","DG","Jun",0.84,"9.37e-02",1.03,"conflict.yoked vs. conflict.trained","conflict.trained"
"583","DG","Kctd12",0.82,"6.51e-02",1.19,"conflict.yoked vs. conflict.trained","conflict.trained"
"584","DG","Map3k3",1.01,"7.93e-02",1.1,"conflict.yoked vs. conflict.trained","conflict.trained"
"585","DG","Nnat",-1.41,"6.33e-02",1.2,"conflict.yoked vs. conflict.trained","conflict.yoked"
"586","DG","Npas4",1.97,"8.26e-02",1.08,"conflict.yoked vs. conflict.trained","conflict.trained"
"587","DG","Nptx2",1.17,"3.96e-02",1.4,"conflict.yoked vs. conflict.trained","conflict.trained"
"588","DG","Otud1",1.48,"7.62e-02",1.12,"conflict.yoked vs. conflict.trained","conflict.trained"
"589","DG","Pcdh8",1.3,"9.37e-02",1.03,"conflict.yoked vs. conflict.trained","conflict.trained"
"590","DG","Peli1",1.06,"9.46e-02",1.02,"conflict.yoked vs. conflict.trained","conflict.trained"
"591","DG","Plch2",-1.91,"3.96e-02",1.4,"conflict.yoked vs. conflict.trained","conflict.yoked"
"592","DG","Scoc",-0.69,"9.46e-02",1.02,"conflict.yoked vs. conflict.trained","conflict.yoked"
"593","DG","Slc16a1",1.83,"1.50e-02",1.82,"conflict.yoked vs. conflict.trained","conflict.trained"
"594","DG","Smad7",1.87,"2.54e-04",3.59,"conflict.yoked vs. conflict.trained","conflict.trained"
"595","DG","Spty2d1",1.36,"2.41e-02",1.62,"conflict.yoked vs. conflict.trained","conflict.trained"
"596","DG","Apold1",2.45,"7.41e-02",1.13,"standard.yoked vs. conflict.yoked","conflict.yoked"
"597","DG","Cd14",3.34,"2.09e-03",2.68,"standard.yoked vs. conflict.yoked","conflict.yoked"
"598","DG","Csrnp1",1.87,"1.85e-02",1.73,"standard.yoked vs. conflict.yoked","conflict.yoked"
"599","DG","Cxcl14",1.72,"4.96e-02",1.3,"standard.yoked vs. conflict.yoked","conflict.yoked"
"600","DG","Gadd45b",1.56,"7.41e-02",1.13,"standard.yoked vs. conflict.yoked","conflict.yoked"
"601","DG","Gm2115",3.47,"5.42e-03",2.27,"standard.yoked vs. conflict.yoked","conflict.yoked"
"602","DG","Kcnc2",3.28,"7.41e-02",1.13,"standard.yoked vs. conflict.yoked","conflict.yoked"
"603","DG","Nlrp3",4.3,"1.40e-04",3.85,"standard.yoked vs. conflict.yoked","conflict.yoked"
"604","DG","Osgin1",6.89,"9.28e-02",1.03,"standard.yoked vs. conflict.yoked","conflict.yoked"
"605","DG","Pcdhga6",-1.78,"9.95e-02",1,"standard.yoked vs. conflict.yoked","standard.yoked"
"606","DG","Plau",2.3,"7.41e-02",1.13,"standard.yoked vs. conflict.yoked","conflict.yoked"
"607","DG","Plch2",2.08,"7.70e-02",1.11,"standard.yoked vs. conflict.yoked","conflict.yoked"
"608","DG","Plek",1.91,"1.34e-03",2.87,"standard.yoked vs. conflict.yoked","conflict.yoked"
"609","DG","Pus7",-1.86,"5.55e-02",1.26,"standard.yoked vs. conflict.yoked","standard.yoked"
"610","DG","Sdc4",1.5,"6.67e-02",1.18,"standard.yoked vs. conflict.yoked","conflict.yoked"
"611","DG","Slc15a3",3.84,"9.95e-02",1,"standard.yoked vs. conflict.yoked","conflict.yoked"
"612","DG","Spry2",1.29,"5.42e-03",2.27,"standard.yoked vs. conflict.yoked","conflict.yoked"
"613","DG","Tlr2",3.22,"8.59e-02",1.07,"standard.yoked vs. conflict.yoked","conflict.yoked"
"614","DG","2010111I01Rik",1.58,"4.26e-02",1.37,"standard.yoked vs. standard.trained","standard.trained"
"615","DG","A830010M20Rik",1.8,"1.30e-05",4.88,"standard.yoked vs. standard.trained","standard.trained"
"616","DG","Abca5",1.12,"6.12e-02",1.21,"standard.yoked vs. standard.trained","standard.trained"
"617","DG","Acan",2.47,"3.13e-07",6.5,"standard.yoked vs. standard.trained","standard.trained"
"618","DG","Adamts1",2.37,"4.82e-02",1.32,"standard.yoked vs. standard.trained","standard.trained"
"619","DG","Adgra1",1.38,"6.82e-02",1.17,"standard.yoked vs. standard.trained","standard.trained"
"620","DG","Adipor2",1.11,"6.47e-02",1.19,"standard.yoked vs. standard.trained","standard.trained"
"621","DG","Amigo2",2,"2.39e-02",1.62,"standard.yoked vs. standard.trained","standard.trained"
"622","DG","Ankrd28",1.51,"4.24e-03",2.37,"standard.yoked vs. standard.trained","standard.trained"
"623","DG","Apold1",2,"8.82e-02",1.05,"standard.yoked vs. standard.trained","standard.trained"
"624","DG","Arc",2.88,"4.21e-04",3.38,"standard.yoked vs. standard.trained","standard.trained"
"625","DG","Areg",6.38,"2.10e-02",1.68,"standard.yoked vs. standard.trained","standard.trained"
"626","DG","Arhgef3",1.02,"2.47e-02",1.61,"standard.yoked vs. standard.trained","standard.trained"
"627","DG","Arid5a",2.88,"4.68e-02",1.33,"standard.yoked vs. standard.trained","standard.trained"
"628","DG","Arid5b",1.16,"8.71e-02",1.06,"standard.yoked vs. standard.trained","standard.trained"
"629","DG","Arl13b",1.83,"4.78e-02",1.32,"standard.yoked vs. standard.trained","standard.trained"
"630","DG","Arl4a",1.61,"4.26e-02",1.37,"standard.yoked vs. standard.trained","standard.trained"
"631","DG","Arl4d",2,"6.17e-05",4.21,"standard.yoked vs. standard.trained","standard.trained"
"632","DG","Arl5b",2.02,"3.85e-06",5.41,"standard.yoked vs. standard.trained","standard.trained"
"633","DG","Armcx5",1.64,"1.86e-02",1.73,"standard.yoked vs. standard.trained","standard.trained"
"634","DG","Arpp21",0.69,"4.79e-02",1.32,"standard.yoked vs. standard.trained","standard.trained"
"635","DG","Arxes1",1.25,"5.62e-02",1.25,"standard.yoked vs. standard.trained","standard.trained"
"636","DG","Atf3",2.53,"4.74e-02",1.32,"standard.yoked vs. standard.trained","standard.trained"
"637","DG","Atf4",0.89,"2.72e-02",1.57,"standard.yoked vs. standard.trained","standard.trained"
"638","DG","Bach1",1.3,"9.85e-02",1.01,"standard.yoked vs. standard.trained","standard.trained"
"639","DG","Bcl10",2.35,"9.27e-02",1.03,"standard.yoked vs. standard.trained","standard.trained"
"640","DG","Bdnf",1.78,"6.14e-03",2.21,"standard.yoked vs. standard.trained","standard.trained"
"641","DG","Btg1",1.2,"3.77e-04",3.42,"standard.yoked vs. standard.trained","standard.trained"
"642","DG","Btg2",2.4,"4.00e-03",2.4,"standard.yoked vs. standard.trained","standard.trained"
"643","DG","C2cd4b",1.31,"5.76e-02",1.24,"standard.yoked vs. standard.trained","standard.trained"
"644","DG","Capn11",5.92,"3.42e-02",1.47,"standard.yoked vs. standard.trained","standard.trained"
"645","DG","Ccdc138",3.04,"8.37e-02",1.08,"standard.yoked vs. standard.trained","standard.trained"
"646","DG","Ccnk",1.14,"1.16e-02",1.93,"standard.yoked vs. standard.trained","standard.trained"
"647","DG","Ccnl1",0.9,"7.24e-02",1.14,"standard.yoked vs. standard.trained","standard.trained"
"648","DG","Ccno",2.32,"3.21e-02",1.49,"standard.yoked vs. standard.trained","standard.trained"
"649","DG","Ccnyl1",1.54,"9.54e-02",1.02,"standard.yoked vs. standard.trained","standard.trained"
"650","DG","Cd14",2.58,"1.66e-02",1.78,"standard.yoked vs. standard.trained","standard.trained"
"651","DG","Cdkn1a",1.64,"3.10e-02",1.51,"standard.yoked vs. standard.trained","standard.trained"
"652","DG","Cecr6",-1.17,"6.94e-03",2.16,"standard.yoked vs. standard.trained","standard.yoked"
"653","DG","Cited2",1.58,"2.35e-02",1.63,"standard.yoked vs. standard.trained","standard.trained"
"654","DG","Cnnm1",0.7,"5.29e-02",1.28,"standard.yoked vs. standard.trained","standard.trained"
"655","DG","Col10a1",8.4,"1.23e-03",2.91,"standard.yoked vs. standard.trained","standard.trained"
"656","DG","Coq10b",2.1,"1.46e-03",2.83,"standard.yoked vs. standard.trained","standard.trained"
"657","DG","Cpeb2",1.21,"6.25e-02",1.2,"standard.yoked vs. standard.trained","standard.trained"
"658","DG","Cpeb4",0.87,"1.55e-02",1.81,"standard.yoked vs. standard.trained","standard.trained"
"659","DG","Csrnp1",2.23,"5.68e-05",4.25,"standard.yoked vs. standard.trained","standard.trained"
"660","DG","Ctnnd1",1.16,"3.95e-02",1.4,"standard.yoked vs. standard.trained","standard.trained"
"661","DG","Cwc25",1.64,"6.14e-03",2.21,"standard.yoked vs. standard.trained","standard.trained"
"662","DG","Cxadr",1.69,"2.44e-03",2.61,"standard.yoked vs. standard.trained","standard.trained"
"663","DG","Cyp51",1.29,"2.87e-02",1.54,"standard.yoked vs. standard.trained","standard.trained"
"664","DG","Dact1",1.47,"1.23e-03",2.91,"standard.yoked vs. standard.trained","standard.trained"
"665","DG","Dbpht2",1.89,"2.18e-06",5.66,"standard.yoked vs. standard.trained","standard.trained"
"666","DG","Dcn",6.89,"4.54e-02",1.34,"standard.yoked vs. standard.trained","standard.trained"
"667","DG","Ddx3x",0.7,"4.88e-02",1.31,"standard.yoked vs. standard.trained","standard.trained"
"668","DG","Dnaja1",1.05,"1.30e-05",4.88,"standard.yoked vs. standard.trained","standard.trained"
"669","DG","Dnaja4",0.7,"3.10e-02",1.51,"standard.yoked vs. standard.trained","standard.trained"
"670","DG","Dnajb1",2.09,"1.60e-02",1.8,"standard.yoked vs. standard.trained","standard.trained"
"671","DG","Dnajb4",1.4,"9.52e-04",3.02,"standard.yoked vs. standard.trained","standard.trained"
"672","DG","Dnajb5",0.82,"4.88e-02",1.31,"standard.yoked vs. standard.trained","standard.trained"
"673","DG","Dusp16",2.53,"6.20e-05",4.21,"standard.yoked vs. standard.trained","standard.trained"
"674","DG","Dusp4",1.33,"1.09e-03",2.96,"standard.yoked vs. standard.trained","standard.trained"
"675","DG","Dusp5",2.37,"5.24e-03",2.28,"standard.yoked vs. standard.trained","standard.trained"
"676","DG","Dusp6",2.36,"9.85e-02",1.01,"standard.yoked vs. standard.trained","standard.trained"
"677","DG","Dusp8",0.77,"4.79e-02",1.32,"standard.yoked vs. standard.trained","standard.trained"
"678","DG","Efnb2",2.1,"1.23e-02",1.91,"standard.yoked vs. standard.trained","standard.trained"
"679","DG","Egr1",2.47,"2.64e-03",2.58,"standard.yoked vs. standard.trained","standard.trained"
"680","DG","Egr3",1.2,"5.89e-03",2.23,"standard.yoked vs. standard.trained","standard.trained"
"681","DG","Egr4",3.08,"1.34e-05",4.87,"standard.yoked vs. standard.trained","standard.trained"
"682","DG","Entpd1",2.61,"1.55e-02",1.81,"standard.yoked vs. standard.trained","standard.trained"
"683","DG","Eprs",0.9,"4.26e-02",1.37,"standard.yoked vs. standard.trained","standard.trained"
"684","DG","Erf",1.32,"5.15e-05",4.29,"standard.yoked vs. standard.trained","standard.trained"
"685","DG","Errfi1",2.02,"1.67e-06",5.78,"standard.yoked vs. standard.trained","standard.trained"
"686","DG","Etf1",0.89,"9.05e-03",2.04,"standard.yoked vs. standard.trained","standard.trained"
"687","DG","Fam107b",2.31,"1.79e-05",4.75,"standard.yoked vs. standard.trained","standard.trained"
"688","DG","Fam118a",1.37,"5.81e-02",1.24,"standard.yoked vs. standard.trained","standard.trained"
"689","DG","Fbxo33",2.8,"5.24e-03",2.28,"standard.yoked vs. standard.trained","standard.trained"
"690","DG","Fbxw7",0.94,"9.66e-03",2.02,"standard.yoked vs. standard.trained","standard.trained"
"691","DG","Filip1l",5.25,"4.82e-02",1.32,"standard.yoked vs. standard.trained","standard.trained"
"692","DG","Fos",2.21,"2.11e-02",1.68,"standard.yoked vs. standard.trained","standard.trained"
"693","DG","Fosb",2.8,"1.02e-02",1.99,"standard.yoked vs. standard.trained","standard.trained"
"694","DG","Fosl2",2.58,"3.41e-04",3.47,"standard.yoked vs. standard.trained","standard.trained"
"695","DG","Frmd6",3.22,"2.16e-04",3.67,"standard.yoked vs. standard.trained","standard.trained"
"696","DG","Fzd4",2.21,"6.14e-03",2.21,"standard.yoked vs. standard.trained","standard.trained"
"697","DG","Fzd5",4.06,"3.39e-09",8.47,"standard.yoked vs. standard.trained","standard.trained"
"698","DG","Gadd45g",1.39,"6.47e-03",2.19,"standard.yoked vs. standard.trained","standard.trained"
"699","DG","Gch1",3.13,"6.14e-03",2.21,"standard.yoked vs. standard.trained","standard.trained"
"700","DG","Gcnt2",2.71,"1.45e-03",2.84,"standard.yoked vs. standard.trained","standard.trained"
"701","DG","Gm12258",-1.83,"4.27e-02",1.37,"standard.yoked vs. standard.trained","standard.yoked"
"702","DG","Gm13889",2.36,"3.15e-05",4.5,"standard.yoked vs. standard.trained","standard.trained"
"703","DG","Gm20517",6.17,"6.25e-02",1.2,"standard.yoked vs. standard.trained","standard.trained"
"704","DG","Gpr19",1.45,"3.10e-02",1.51,"standard.yoked vs. standard.trained","standard.trained"
"705","DG","Gprc5a",6.75,"7.12e-02",1.15,"standard.yoked vs. standard.trained","standard.trained"
"706","DG","Gpx8",6.47,"8.37e-02",1.08,"standard.yoked vs. standard.trained","standard.trained"
"707","DG","Heca",1.11,"1.55e-02",1.81,"standard.yoked vs. standard.trained","standard.trained"
"708","DG","Hmgcr",1.55,"1.10e-04",3.96,"standard.yoked vs. standard.trained","standard.trained"
"709","DG","Homer1",2.97,"1.35e-04",3.87,"standard.yoked vs. standard.trained","standard.trained"
"710","DG","Hsp90aa1",0.82,"4.40e-03",2.36,"standard.yoked vs. standard.trained","standard.trained"
"711","DG","Hspa1a",2.71,"2.10e-02",1.68,"standard.yoked vs. standard.trained","standard.trained"
"712","DG","Hspa1b",2.41,"5.78e-02",1.24,"standard.yoked vs. standard.trained","standard.trained"
"713","DG","Hspa8",0.62,"7.78e-02",1.11,"standard.yoked vs. standard.trained","standard.trained"
"714","DG","Hsph1",0.97,"5.16e-04",3.29,"standard.yoked vs. standard.trained","standard.trained"
"715","DG","Icam1",2.7,"2.84e-02",1.55,"standard.yoked vs. standard.trained","standard.trained"
"716","DG","Ier3",3.89,"2.44e-03",2.61,"standard.yoked vs. standard.trained","standard.trained"
"717","DG","Ifrd1",2.33,"4.11e-03",2.39,"standard.yoked vs. standard.trained","standard.trained"
"718","DG","Ing4",-1.23,"5.42e-02",1.27,"standard.yoked vs. standard.trained","standard.yoked"
"719","DG","Insig1",1.01,"9.36e-02",1.03,"standard.yoked vs. standard.trained","standard.trained"
"720","DG","Iqgap1",1.09,"9.79e-02",1.01,"standard.yoked vs. standard.trained","standard.trained"
"721","DG","Irs1",1.51,"4.97e-03",2.3,"standard.yoked vs. standard.trained","standard.trained"
"722","DG","Irs2",1.69,"1.30e-05",4.88,"standard.yoked vs. standard.trained","standard.trained"
"723","DG","Itga5",2.53,"2.72e-02",1.57,"standard.yoked vs. standard.trained","standard.trained"
"724","DG","Jmjd1c",0.8,"3.06e-02",1.51,"standard.yoked vs. standard.trained","standard.trained"
"725","DG","Jun",1.06,"7.48e-03",2.13,"standard.yoked vs. standard.trained","standard.trained"
"726","DG","Junb",2.17,"5.16e-04",3.29,"standard.yoked vs. standard.trained","standard.trained"
"727","DG","Jund",1.69,"5.52e-03",2.26,"standard.yoked vs. standard.trained","standard.trained"
"728","DG","Kctd12",0.88,"2.48e-02",1.61,"standard.yoked vs. standard.trained","standard.trained"
"729","DG","Kdm6b",1.14,"3.41e-04",3.47,"standard.yoked vs. standard.trained","standard.trained"
"730","DG","Kdm7a",0.83,"3.42e-02",1.47,"standard.yoked vs. standard.trained","standard.trained"
"731","DG","Kitl",2.12,"8.80e-02",1.06,"standard.yoked vs. standard.trained","standard.trained"
"732","DG","Klf2",1.46,"5.62e-02",1.25,"standard.yoked vs. standard.trained","standard.trained"
"733","DG","Klhl21",-1.43,"2.22e-02",1.65,"standard.yoked vs. standard.trained","standard.yoked"
"734","DG","Lbh",1.71,"8.48e-04",3.07,"standard.yoked vs. standard.trained","standard.trained"
"735","DG","Lemd3",1.43,"2.18e-03",2.66,"standard.yoked vs. standard.trained","standard.trained"
"736","DG","Lgr4",1.18,"5.55e-02",1.26,"standard.yoked vs. standard.trained","standard.trained"
"737","DG","Lmna",2.31,"7.26e-09",8.14,"standard.yoked vs. standard.trained","standard.trained"
"738","DG","Lrrc32",7.65,"5.16e-04",3.29,"standard.yoked vs. standard.trained","standard.trained"
"739","DG","Mafk",1.63,"6.69e-02",1.17,"standard.yoked vs. standard.trained","standard.trained"
"740","DG","March11",1.77,"1.86e-02",1.73,"standard.yoked vs. standard.trained","standard.trained"
"741","DG","Mcl1",0.91,"3.91e-03",2.41,"standard.yoked vs. standard.trained","standard.trained"
"742","DG","Mest",2.11,"2.82e-04",3.55,"standard.yoked vs. standard.trained","standard.trained"
"743","DG","Mknk2",0.84,"4.79e-02",1.32,"standard.yoked vs. standard.trained","standard.trained"
"744","DG","Mn1",1.3,"4.88e-02",1.31,"standard.yoked vs. standard.trained","standard.trained"
"745","DG","Nap1l5",0.98,"2.85e-02",1.55,"standard.yoked vs. standard.trained","standard.trained"
"746","DG","Ndel1",0.86,"7.78e-02",1.11,"standard.yoked vs. standard.trained","standard.trained"
"747","DG","Neurod2",-0.54,"4.82e-02",1.32,"standard.yoked vs. standard.trained","standard.yoked"
"748","DG","Nfil3",2.31,"1.28e-02",1.89,"standard.yoked vs. standard.trained","standard.trained"
"749","DG","Nfkb1",1.03,"7.49e-02",1.13,"standard.yoked vs. standard.trained","standard.trained"
"750","DG","Nlrp3",3.82,"1.93e-04",3.71,"standard.yoked vs. standard.trained","standard.trained"
"751","DG","Npas4",3.19,"5.60e-05",4.25,"standard.yoked vs. standard.trained","standard.trained"
"752","DG","Nptx2",2.05,"2.79e-07",6.55,"standard.yoked vs. standard.trained","standard.trained"
"753","DG","Nr4a1",2.84,"4.26e-03",2.37,"standard.yoked vs. standard.trained","standard.trained"
"754","DG","Nr4a2",2.52,"1.71e-02",1.77,"standard.yoked vs. standard.trained","standard.trained"
"755","DG","Nr4a3",3.15,"3.10e-02",1.51,"standard.yoked vs. standard.trained","standard.trained"
"756","DG","Nuak1",0.82,"1.42e-02",1.85,"standard.yoked vs. standard.trained","standard.trained"
"757","DG","Nup54",1.19,"7.50e-02",1.12,"standard.yoked vs. standard.trained","standard.trained"
"758","DG","Odc1",1.18,"1.25e-03",2.9,"standard.yoked vs. standard.trained","standard.trained"
"759","DG","Otud1",2.37,"2.32e-05",4.63,"standard.yoked vs. standard.trained","standard.trained"
"760","DG","P4ha1",0.92,"2.10e-02",1.68,"standard.yoked vs. standard.trained","standard.trained"
"761","DG","Pak6",1.01,"5.56e-02",1.25,"standard.yoked vs. standard.trained","standard.trained"
"762","DG","Pcdh8",1.57,"1.28e-02",1.89,"standard.yoked vs. standard.trained","standard.trained"
"763","DG","Pcdhgc3",0.76,"7.78e-02",1.11,"standard.yoked vs. standard.trained","standard.trained"
"764","DG","Pde4b",1.16,"4.26e-02",1.37,"standard.yoked vs. standard.trained","standard.trained"
"765","DG","Peli1",1.6,"3.58e-04",3.45,"standard.yoked vs. standard.trained","standard.trained"
"766","DG","Per1",1.79,"2.64e-03",2.58,"standard.yoked vs. standard.trained","standard.trained"
"767","DG","Phlda1",1.94,"1.00e-03",3,"standard.yoked vs. standard.trained","standard.trained"
"768","DG","Piga",1.84,"1.42e-02",1.85,"standard.yoked vs. standard.trained","standard.trained"
"769","DG","Plagl1",1.94,"5.15e-05",4.29,"standard.yoked vs. standard.trained","standard.trained"
"770","DG","Plek",1.68,"1.40e-03",2.86,"standard.yoked vs. standard.trained","standard.trained"
"771","DG","Plk2",2.15,"1.96e-04",3.71,"standard.yoked vs. standard.trained","standard.trained"
"772","DG","Plk3",2.27,"9.01e-03",2.05,"standard.yoked vs. standard.trained","standard.trained"
"773","DG","Pou3f3",0.8,"4.64e-02",1.33,"standard.yoked vs. standard.trained","standard.trained"
"774","DG","Ppp1r15a",1.9,"3.85e-06",5.41,"standard.yoked vs. standard.trained","standard.trained"
"775","DG","Ppp1r15b",0.93,"2.54e-02",1.59,"standard.yoked vs. standard.trained","standard.trained"
"776","DG","Ppp1r18",2.32,"4.69e-02",1.33,"standard.yoked vs. standard.trained","standard.trained"
"777","DG","Prkaca",-0.57,"7.23e-02",1.14,"standard.yoked vs. standard.trained","standard.yoked"
"778","DG","Prss43",4.42,"4.26e-02",1.37,"standard.yoked vs. standard.trained","standard.trained"
"779","DG","Ptbp1",0.86,"3.56e-02",1.45,"standard.yoked vs. standard.trained","standard.trained"
"780","DG","Ptger4",3.3,"4.31e-02",1.37,"standard.yoked vs. standard.trained","standard.trained"
"781","DG","Ptgs2",2.54,"1.20e-02",1.92,"standard.yoked vs. standard.trained","standard.trained"
"782","DG","Pthlh",4.7,"7.33e-02",1.13,"standard.yoked vs. standard.trained","standard.trained"
"783","DG","Ptp4a1",0.72,"4.79e-02",1.32,"standard.yoked vs. standard.trained","standard.trained"
"784","DG","Rab20",5.53,"5.37e-02",1.27,"standard.yoked vs. standard.trained","standard.trained"
"785","DG","Ranbp2",1.78,"3.29e-02",1.48,"standard.yoked vs. standard.trained","standard.trained"
"786","DG","Rasd1",3.01,"1.33e-03",2.87,"standard.yoked vs. standard.trained","standard.trained"
"787","DG","Rasl11a",2.6,"6.71e-04",3.17,"standard.yoked vs. standard.trained","standard.trained"
"788","DG","Rela",1.44,"7.99e-02",1.1,"standard.yoked vs. standard.trained","standard.trained"
"789","DG","Rfx2",3.29,"2.35e-05",4.63,"standard.yoked vs. standard.trained","standard.trained"
"790","DG","Rgs2",2.65,"4.35e-03",2.36,"standard.yoked vs. standard.trained","standard.trained"
"791","DG","Rgs4",1.78,"4.23e-06",5.37,"standard.yoked vs. standard.trained","standard.trained"
"792","DG","Rnase4",2.6,"6.12e-02",1.21,"standard.yoked vs. standard.trained","standard.trained"
"793","DG","Rnpep",1.27,"4.05e-02",1.39,"standard.yoked vs. standard.trained","standard.trained"
"794","DG","Rora",1.78,"2.88e-03",2.54,"standard.yoked vs. standard.trained","standard.trained"
"795","DG","Rrad",2.55,"6.85e-02",1.16,"standard.yoked vs. standard.trained","standard.trained"
"796","DG","Rtl1",2.74,"6.20e-05",4.21,"standard.yoked vs. standard.trained","standard.trained"
"797","DG","Runx1",4.11,"3.29e-02",1.48,"standard.yoked vs. standard.trained","standard.trained"
"798","DG","Sat1",1.44,"4.28e-03",2.37,"standard.yoked vs. standard.trained","standard.trained"
"799","DG","Scg2",1.19,"1.40e-03",2.86,"standard.yoked vs. standard.trained","standard.trained"
"800","DG","Sde2",1.67,"2.64e-03",2.58,"standard.yoked vs. standard.trained","standard.trained"
"801","DG","Sertad1",2.46,"3.02e-03",2.52,"standard.yoked vs. standard.trained","standard.trained"
"802","DG","Sgk1",2.37,"2.32e-05",4.63,"standard.yoked vs. standard.trained","standard.trained"
"803","DG","Siah2",1.89,"3.62e-04",3.44,"standard.yoked vs. standard.trained","standard.trained"
"804","DG","Sik1",2.01,"3.15e-05",4.5,"standard.yoked vs. standard.trained","standard.trained"
"805","DG","Slc16a1",1.9,"1.40e-03",2.86,"standard.yoked vs. standard.trained","standard.trained"
"806","DG","Slc25a25",1,"1.02e-02",1.99,"standard.yoked vs. standard.trained","standard.trained"
"807","DG","Slc2a6",-1.12,"7.23e-02",1.14,"standard.yoked vs. standard.trained","standard.yoked"
"808","DG","Slc7a1",1.24,"7.78e-02",1.11,"standard.yoked vs. standard.trained","standard.trained"
"809","DG","Smad7",3.44,"3.71e-16",15.43,"standard.yoked vs. standard.trained","standard.trained"
"810","DG","Snx18",2.08,"1.30e-05",4.88,"standard.yoked vs. standard.trained","standard.trained"
"811","DG","Spry2",1.37,"1.69e-04",3.77,"standard.yoked vs. standard.trained","standard.trained"
"812","DG","Spty2d1",1.46,"3.35e-03",2.48,"standard.yoked vs. standard.trained","standard.trained"
"813","DG","Srf",1.33,"3.41e-04",3.47,"standard.yoked vs. standard.trained","standard.trained"
"814","DG","Syt4",1.48,"1.09e-03",2.96,"standard.yoked vs. standard.trained","standard.trained"
"815","DG","Tdrp",1.65,"4.04e-03",2.39,"standard.yoked vs. standard.trained","standard.trained"
"816","DG","Thbs1",5.81,"4.26e-03",2.37,"standard.yoked vs. standard.trained","standard.trained"
"817","DG","Tiam2",0.81,"7.78e-02",1.11,"standard.yoked vs. standard.trained","standard.trained"
"818","DG","Tiparp",2.87,"2.32e-05",4.63,"standard.yoked vs. standard.trained","standard.trained"
"819","DG","Tnfaip3",2.51,"9.25e-02",1.03,"standard.yoked vs. standard.trained","standard.trained"
"820","DG","Tnip2",0.75,"4.78e-02",1.32,"standard.yoked vs. standard.trained","standard.trained"
"821","DG","Tra2b",0.86,"2.14e-02",1.67,"standard.yoked vs. standard.trained","standard.trained"
"822","DG","Trib1",3.19,"5.61e-02",1.25,"standard.yoked vs. standard.trained","standard.trained"
"823","DG","Tsc22d2",1.43,"6.27e-03",2.2,"standard.yoked vs. standard.trained","standard.trained"
"824","DG","Ubc",1.15,"4.54e-05",4.34,"standard.yoked vs. standard.trained","standard.trained"
"825","DG","Uspl1",0.95,"4.27e-02",1.37,"standard.yoked vs. standard.trained","standard.trained"
"826","DG","Vcl",1.45,"3.75e-02",1.43,"standard.yoked vs. standard.trained","standard.trained"
"827","DG","Zdbf2",2.02,"1.82e-04",3.74,"standard.yoked vs. standard.trained","standard.trained"
"828","DG","Zfand5",1.22,"9.52e-04",3.02,"standard.yoked vs. standard.trained","standard.trained"
"829","DG","Zfp275",1.59,"2.16e-02",1.67,"standard.yoked vs. standard.trained","standard.trained"
"830","DG","Zfp36",1.35,"7.64e-02",1.12,"standard.yoked vs. standard.trained","standard.trained"
"831","DG","Zfp711",1.57,"9.79e-02",1.01,"standard.yoked vs. standard.trained","standard.trained"
"832","DG","Zfp949",-1.32,"8.37e-02",1.08,"standard.yoked vs. standard.trained","standard.yoked"
"833","DG","Zyx",1.14,"6.00e-02",1.22,"standard.yoked vs. standard.trained","standard.trained"
"834","DG","1190002N15Rik",1.78,"3.60e-04",3.44,"yoked vs. trained","trained"
"835","DG","2410002F23Rik",-0.51,"9.26e-02",1.03,"yoked vs. trained","yoked"
"836","DG","A830010M20Rik",1.47,"1.68e-07",6.78,"yoked vs. trained","trained"
"837","DG","Abhd2",0.68,"1.33e-02",1.88,"yoked vs. trained","trained"
"838","DG","Acan",1.96,"5.25e-10",9.28,"yoked vs. trained","trained"
"839","DG","Adamts1",1.75,"1.28e-02",1.89,"yoked vs. trained","trained"
"840","DG","Adrb1",1,"1.01e-02",2,"yoked vs. trained","trained"
"841","DG","Ahr",1.48,"9.38e-03",2.03,"yoked vs. trained","trained"
"842","DG","Amigo2",1.4,"9.37e-03",2.03,"yoked vs. trained","trained"
"843","DG","Ankrd13a",0.56,"3.96e-02",1.4,"yoked vs. trained","trained"
"844","DG","Ankrd13c",0.51,"4.97e-02",1.3,"yoked vs. trained","trained"
"845","DG","Ankrd27",-0.71,"3.05e-02",1.52,"yoked vs. trained","yoked"
"846","DG","Ankrd28",1.15,"6.05e-04",3.22,"yoked vs. trained","trained"
"847","DG","Ankrd33b",0.89,"4.15e-04",3.38,"yoked vs. trained","trained"
"848","DG","Apaf1",1.16,"5.11e-04",3.29,"yoked vs. trained","trained"
"849","DG","Arc",2.03,"1.78e-04",3.75,"yoked vs. trained","trained"
"850","DG","Arhgef3",0.68,"3.65e-02",1.44,"yoked vs. trained","trained"
"851","DG","Arid1a",0.38,"6.18e-02",1.21,"yoked vs. trained","trained"
"852","DG","Arid5b",0.99,"2.76e-03",2.56,"yoked vs. trained","trained"
"853","DG","Arih1",0.39,"7.26e-02",1.14,"yoked vs. trained","trained"
"854","DG","Arl13b",1.16,"8.33e-02",1.08,"yoked vs. trained","trained"
"855","DG","Arl4a",1.02,"5.64e-02",1.25,"yoked vs. trained","trained"
"856","DG","Arl4d",1.36,"1.33e-04",3.88,"yoked vs. trained","trained"
"857","DG","Arl5b",1.27,"2.14e-04",3.67,"yoked vs. trained","trained"
"858","DG","Armcx4",0.52,"6.11e-02",1.21,"yoked vs. trained","trained"
"859","DG","Armcx5",1.21,"2.06e-03",2.69,"yoked vs. trained","trained"
"860","DG","Arpp19",0.51,"6.28e-02",1.2,"yoked vs. trained","trained"
"861","DG","Arpp21",0.56,"1.32e-02",1.88,"yoked vs. trained","trained"
"862","DG","Aste1",1.6,"4.57e-03",2.34,"yoked vs. trained","trained"
"863","DG","Atf3",1.8,"1.71e-02",1.77,"yoked vs. trained","trained"
"864","DG","B3gnt2",0.86,"8.67e-02",1.06,"yoked vs. trained","trained"
"865","DG","Bach1",1.11,"6.21e-03",2.21,"yoked vs. trained","trained"
"866","DG","Bag3",1.08,"8.77e-02",1.06,"yoked vs. trained","trained"
"867","DG","Bdnf",1.4,"4.54e-04",3.34,"yoked vs. trained","trained"
"868","DG","Btg1",0.76,"2.16e-03",2.67,"yoked vs. trained","trained"
"869","DG","Btg2",1.66,"2.06e-03",2.69,"yoked vs. trained","trained"
"870","DG","Btg3",1.31,"2.35e-02",1.63,"yoked vs. trained","trained"
"871","DG","C2cd4b",1.12,"1.74e-03",2.76,"yoked vs. trained","trained"
"872","DG","Calu",0.48,"6.45e-02",1.19,"yoked vs. trained","trained"
"873","DG","Ccar2",-0.38,"7.97e-02",1.1,"yoked vs. trained","yoked"
"874","DG","Ccdc32",-0.62,"1.30e-02",1.88,"yoked vs. trained","yoked"
"875","DG","Ccnk",0.83,"2.59e-03",2.59,"yoked vs. trained","trained"
"876","DG","Ccno",1.89,"1.14e-03",2.94,"yoked vs. trained","trained"
"877","DG","Cdkn1a",0.96,"9.82e-02",1.01,"yoked vs. trained","trained"
"878","DG","Cecr6",-0.85,"6.05e-04",3.22,"yoked vs. trained","yoked"
"879","DG","Chrd",-0.57,"5.22e-02",1.28,"yoked vs. trained","yoked"
"880","DG","Ciart",1.04,"2.00e-03",2.7,"yoked vs. trained","trained"
"881","DG","Cited2",1.24,"1.34e-03",2.87,"yoked vs. trained","trained"
"882","DG","Cldn12",0.81,"3.52e-02",1.45,"yoked vs. trained","trained"
"883","DG","Cnnm1",0.6,"3.61e-03",2.44,"yoked vs. trained","trained"
"884","DG","Col10a1",4.54,"1.86e-02",1.73,"yoked vs. trained","trained"
"885","DG","Coq2",-0.47,"7.22e-02",1.14,"yoked vs. trained","yoked"
"886","DG","Cpeb2",0.78,"6.52e-02",1.19,"yoked vs. trained","trained"
"887","DG","Cpeb4",0.72,"4.15e-04",3.38,"yoked vs. trained","trained"
"888","DG","Ctnnd1",0.79,"3.83e-02",1.42,"yoked vs. trained","trained"
"889","DG","Cul3",0.43,"2.48e-02",1.61,"yoked vs. trained","trained"
"890","DG","Cwc25",1.12,"4.32e-03",2.36,"yoked vs. trained","trained"
"891","DG","Cxadr",1.22,"6.05e-04",3.22,"yoked vs. trained","trained"
"892","DG","Cyp51",0.87,"1.95e-02",1.71,"yoked vs. trained","trained"
"893","DG","Dbpht2",1.54,"1.45e-04",3.84,"yoked vs. trained","trained"
"894","DG","Dnaja1",0.62,"2.90e-03",2.54,"yoked vs. trained","trained"
"895","DG","Dnaja4",0.41,"7.94e-02",1.1,"yoked vs. trained","trained"
"896","DG","Dnajb1",1.46,"8.30e-03",2.08,"yoked vs. trained","trained"
"897","DG","Dnajb4",0.94,"3.78e-03",2.42,"yoked vs. trained","trained"
"898","DG","Dusp14",0.66,"5.95e-02",1.23,"yoked vs. trained","trained"
"899","DG","Dusp16",1.34,"1.60e-02",1.8,"yoked vs. trained","trained"
"900","DG","Dusp4",1.15,"1.07e-06",5.97,"yoked vs. trained","trained"
"901","DG","Dusp5",1.34,"4.81e-02",1.32,"yoked vs. trained","trained"
"902","DG","Dusp6",1.62,"5.43e-02",1.27,"yoked vs. trained","trained"
"903","DG","Dusp8",0.7,"9.01e-04",3.05,"yoked vs. trained","trained"
"904","DG","Dvl2",-0.62,"6.28e-02",1.2,"yoked vs. trained","yoked"
"905","DG","Dyrk2",1.04,"1.32e-02",1.88,"yoked vs. trained","trained"
"906","DG","Egr1",1.58,"5.45e-03",2.26,"yoked vs. trained","trained"
"907","DG","Egr3",0.77,"1.57e-02",1.8,"yoked vs. trained","trained"
"908","DG","Egr4",2.04,"1.67e-04",3.78,"yoked vs. trained","trained"
"909","DG","Eif5",0.35,"6.45e-02",1.19,"yoked vs. trained","trained"
"910","DG","Eprs",0.74,"2.16e-03",2.67,"yoked vs. trained","trained"
"911","DG","Erf",0.77,"4.88e-03",2.31,"yoked vs. trained","trained"
"912","DG","Errfi1",1.54,"3.45e-08",7.46,"yoked vs. trained","trained"
"913","DG","Fam107b",1.51,"2.10e-04",3.68,"yoked vs. trained","trained"
"914","DG","Fam118a",0.98,"3.58e-02",1.45,"yoked vs. trained","trained"
"915","DG","Fbxl2",-0.71,"8.28e-02",1.08,"yoked vs. trained","yoked"
"916","DG","Fbxo33",2.18,"4.00e-04",3.4,"yoked vs. trained","trained"
"917","DG","Fbxo34",0.51,"4.35e-02",1.36,"yoked vs. trained","trained"
"918","DG","Fbxw7",0.7,"1.78e-03",2.75,"yoked vs. trained","trained"
"919","DG","Fermt2",0.53,"4.82e-02",1.32,"yoked vs. trained","trained"
"920","DG","Flrt3",0.88,"2.98e-02",1.53,"yoked vs. trained","trained"
"921","DG","Fos",1.31,"8.33e-02",1.08,"yoked vs. trained","trained"
"922","DG","Fosb",1.84,"1.65e-02",1.78,"yoked vs. trained","trained"
"923","DG","Fosl2",1.87,"6.85e-05",4.16,"yoked vs. trained","trained"
"924","DG","Foxg1",0.43,"6.48e-02",1.19,"yoked vs. trained","trained"
"925","DG","Foxo1",0.65,"1.71e-02",1.77,"yoked vs. trained","trained"
"926","DG","Frmd6",2.4,"7.53e-05",4.12,"yoked vs. trained","trained"
"927","DG","Fzd4",1.82,"8.43e-05",4.07,"yoked vs. trained","trained"
"928","DG","Fzd5",3.17,"6.33e-11",10.2,"yoked vs. trained","trained"
"929","DG","Gad1",0.56,"2.21e-02",1.65,"yoked vs. trained","trained"
"930","DG","Gadd45a",1.62,"5.24e-02",1.28,"yoked vs. trained","trained"
"931","DG","Gadd45g",1.22,"5.37e-05",4.27,"yoked vs. trained","trained"
"932","DG","Gch1",2,"2.38e-02",1.62,"yoked vs. trained","trained"
"933","DG","Gcnt2",1.69,"8.77e-03",2.06,"yoked vs. trained","trained"
"934","DG","Gemin4",0.79,"4.57e-02",1.34,"yoked vs. trained","trained"
"935","DG","Gm13889",1.57,"5.81e-04",3.24,"yoked vs. trained","trained"
"936","DG","Gmeb2",0.98,"8.78e-02",1.06,"yoked vs. trained","trained"
"937","DG","Gpr19",1.32,"3.36e-04",3.47,"yoked vs. trained","trained"
"938","DG","Heca",0.72,"1.43e-02",1.84,"yoked vs. trained","trained"
"939","DG","Hmgcr",1.03,"3.11e-04",3.51,"yoked vs. trained","trained"
"940","DG","Hmgn2",-0.45,"5.40e-02",1.27,"yoked vs. trained","yoked"
"941","DG","Homer1",2.1,"2.14e-04",3.67,"yoked vs. trained","trained"
"942","DG","Hs6st1",0.57,"1.36e-03",2.87,"yoked vs. trained","trained"
"943","DG","Hsp90aa1",0.49,"3.70e-02",1.43,"yoked vs. trained","trained"
"944","DG","Hspa1a",1.77,"3.03e-02",1.52,"yoked vs. trained","trained"
"945","DG","Hspa1b",1.6,"4.35e-02",1.36,"yoked vs. trained","trained"
"946","DG","Hsph1",0.69,"7.82e-04",3.11,"yoked vs. trained","trained"
"947","DG","Ifrd1",1.51,"1.01e-02",2,"yoked vs. trained","trained"
"948","DG","Il16",0.64,"1.04e-02",1.98,"yoked vs. trained","trained"
"949","DG","Ing2",1.15,"3.67e-02",1.44,"yoked vs. trained","trained"
"950","DG","Ipmk",0.48,"6.28e-02",1.2,"yoked vs. trained","trained"
"951","DG","Irf2bp2",0.59,"6.59e-02",1.18,"yoked vs. trained","trained"
"952","DG","Irf9",-0.97,"6.45e-02",1.19,"yoked vs. trained","yoked"
"953","DG","Irs1",1.34,"9.30e-06",5.03,"yoked vs. trained","trained"
"954","DG","Irs2",1.34,"2.30e-07",6.64,"yoked vs. trained","trained"
"955","DG","Jag1",1.24,"6.43e-04",3.19,"yoked vs. trained","trained"
"956","DG","Jdp2",0.77,"1.14e-03",2.94,"yoked vs. trained","trained"
"957","DG","Jmjd1c",0.6,"7.32e-03",2.14,"yoked vs. trained","trained"
"958","DG","Jun",0.93,"5.12e-05",4.29,"yoked vs. trained","trained"
"959","DG","Junb",1.51,"8.37e-04",3.08,"yoked vs. trained","trained"
"960","DG","Jund",1.14,"5.46e-03",2.26,"yoked vs. trained","trained"
"961","DG","Kcna4",0.9,"2.17e-02",1.66,"yoked vs. trained","trained"
"962","DG","Kcnf1",1.63,"4.13e-03",2.38,"yoked vs. trained","trained"
"963","DG","Kcnj2",1.61,"8.81e-04",3.05,"yoked vs. trained","trained"
"964","DG","Kcnk10",1.39,"9.93e-02",1,"yoked vs. trained","trained"
"965","DG","Kctd12",0.82,"6.43e-05",4.19,"yoked vs. trained","trained"
"966","DG","Kdm6b",0.7,"4.88e-03",2.31,"yoked vs. trained","trained"
"967","DG","Kdm7a",0.52,"7.26e-02",1.14,"yoked vs. trained","trained"
"968","DG","Kitl",1.91,"3.47e-03",2.46,"yoked vs. trained","trained"
"969","DG","Klf2",1.09,"1.12e-02",1.95,"yoked vs. trained","trained"
"970","DG","Klf7",0.64,"9.55e-02",1.02,"yoked vs. trained","trained"
"971","DG","Knop1",-0.69,"5.43e-02",1.27,"yoked vs. trained","yoked"
"972","DG","Lbh",1.22,"2.67e-04",3.57,"yoked vs. trained","trained"
"973","DG","Lcmt2",1.15,"4.49e-02",1.35,"yoked vs. trained","trained"
"974","DG","Lemd3",0.84,"5.37e-02",1.27,"yoked vs. trained","trained"
"975","DG","Lmna",1.22,"3.96e-02",1.4,"yoked vs. trained","trained"
"976","DG","Lonrf1",1.86,"5.05e-03",2.3,"yoked vs. trained","trained"
"977","DG","Lrrc45",-0.59,"2.94e-02",1.53,"yoked vs. trained","yoked"
"978","DG","Lrrtm2",0.62,"7.56e-02",1.12,"yoked vs. trained","trained"
"979","DG","Lysmd4",-0.86,"1.14e-03",2.94,"yoked vs. trained","yoked"
"980","DG","Maml2",0.67,"6.22e-02",1.21,"yoked vs. trained","trained"
"981","DG","March11",1.52,"2.77e-03",2.56,"yoked vs. trained","trained"
"982","DG","Mcl1",0.52,"3.52e-02",1.45,"yoked vs. trained","trained"
"983","DG","Med7",0.82,"3.45e-02",1.46,"yoked vs. trained","trained"
"984","DG","Mest",1.62,"1.88e-05",4.73,"yoked vs. trained","trained"
"985","DG","Mfap3l",1.15,"2.54e-03",2.6,"yoked vs. trained","trained"
"986","DG","Mn1",1.21,"2.27e-04",3.64,"yoked vs. trained","trained"
"987","DG","Mrps31",-1.08,"5.48e-02",1.26,"yoked vs. trained","yoked"
"988","DG","Mtdh",0.56,"7.30e-02",1.14,"yoked vs. trained","trained"
"989","DG","Mtmr12",0.37,"8.95e-02",1.05,"yoked vs. trained","trained"
"990","DG","Myc",1.08,"8.28e-02",1.08,"yoked vs. trained","trained"
"991","DG","Naf1",0.75,"2.26e-02",1.65,"yoked vs. trained","trained"
"992","DG","Nap1l5",0.65,"2.28e-02",1.64,"yoked vs. trained","trained"
"993","DG","Ndnl2",0.79,"4.35e-02",1.36,"yoked vs. trained","trained"
"994","DG","Nedd9",1.63,"2.25e-02",1.65,"yoked vs. trained","trained"
"995","DG","Nefm",0.56,"3.05e-02",1.52,"yoked vs. trained","trained"
"996","DG","Nfil3",1.69,"2.16e-03",2.67,"yoked vs. trained","trained"
"997","DG","Npas4",2.49,"4.57e-07",6.34,"yoked vs. trained","trained"
"998","DG","Nptx2",1.56,"5.37e-05",4.27,"yoked vs. trained","trained"
"999","DG","Nr4a1",1.57,"6.67e-02",1.18,"yoked vs. trained","trained"
"1000","DG","Nr4a2",1.71,"9.37e-03",2.03,"yoked vs. trained","trained"
"1001","DG","Nr4a3",2.27,"8.07e-03",2.09,"yoked vs. trained","trained"
"1002","DG","Ntrk2",0.4,"9.60e-02",1.02,"yoked vs. trained","trained"
"1003","DG","Nuak1",0.59,"2.39e-03",2.62,"yoked vs. trained","trained"
"1004","DG","Odc1",0.85,"7.26e-04",3.14,"yoked vs. trained","trained"
"1005","DG","Olfml2b",0.42,"1.55e-02",1.81,"yoked vs. trained","trained"
"1006","DG","Otud1",1.88,"1.82e-07",6.74,"yoked vs. trained","trained"
"1007","DG","P4ha1",0.56,"6.73e-02",1.17,"yoked vs. trained","trained"
"1008","DG","Pak6",0.81,"3.92e-03",2.41,"yoked vs. trained","trained"
"1009","DG","Pcdh8",1.39,"8.43e-05",4.07,"yoked vs. trained","trained"
"1010","DG","Peg10",0.96,"5.24e-02",1.28,"yoked vs. trained","trained"
"1011","DG","Peli1",1.28,"7.01e-06",5.15,"yoked vs. trained","trained"
"1012","DG","Per1",1.14,"1.01e-02",2,"yoked vs. trained","trained"
"1013","DG","Per2",1.11,"9.17e-02",1.04,"yoked vs. trained","trained"
"1014","DG","Phlda1",1.54,"5.37e-05",4.27,"yoked vs. trained","trained"
"1015","DG","Piga",1.2,"1.72e-02",1.76,"yoked vs. trained","trained"
"1016","DG","Pigb",-0.57,"8.33e-02",1.08,"yoked vs. trained","yoked"
"1017","DG","Plagl1",1.28,"3.02e-04",3.52,"yoked vs. trained","trained"
"1018","DG","Plk2",1.56,"9.00e-05",4.05,"yoked vs. trained","trained"
"1019","DG","Plk3",1.6,"2.90e-03",2.54,"yoked vs. trained","trained"
"1020","DG","Pou3f3",0.53,"3.13e-02",1.5,"yoked vs. trained","trained"
"1021","DG","Ppp1r15a",1.14,"1.14e-03",2.94,"yoked vs. trained","trained"
"1022","DG","Ppp1r15b",0.64,"9.37e-03",2.03,"yoked vs. trained","trained"
"1023","DG","Prpf38b",0.52,"3.11e-02",1.51,"yoked vs. trained","trained"
"1024","DG","Ptgs2",2.11,"7.61e-05",4.12,"yoked vs. trained","trained"
"1025","DG","Pxn",-0.5,"5.87e-02",1.23,"yoked vs. trained","yoked"
"1026","DG","Ranbp2",1.4,"4.96e-03",2.3,"yoked vs. trained","trained"
"1027","DG","Rap2a",0.56,"9.46e-02",1.02,"yoked vs. trained","trained"
"1028","DG","Rasd1",1.93,"4.64e-03",2.33,"yoked vs. trained","trained"
"1029","DG","Rasl11a",1.68,"2.06e-03",2.69,"yoked vs. trained","trained"
"1030","DG","Rfx2",2.44,"2.50e-05",4.6,"yoked vs. trained","trained"
"1031","DG","Rfx7",-0.59,"5.43e-02",1.27,"yoked vs. trained","yoked"
"1032","DG","Rgmb",1.04,"3.89e-03",2.41,"yoked vs. trained","trained"
"1033","DG","Rgs2",2.13,"7.53e-05",4.12,"yoked vs. trained","trained"
"1034","DG","Rgs4",1.19,"3.21e-03",2.49,"yoked vs. trained","trained"
"1035","DG","Rnaseh1",-1.1,"6.11e-02",1.21,"yoked vs. trained","yoked"
"1036","DG","Rnf128",0.62,"5.44e-02",1.26,"yoked vs. trained","trained"
"1037","DG","Rnf217",1.5,"5.62e-02",1.25,"yoked vs. trained","trained"
"1038","DG","Rora",1.37,"1.45e-04",3.84,"yoked vs. trained","trained"
"1039","DG","Samd8",0.57,"2.69e-02",1.57,"yoked vs. trained","trained"
"1040","DG","Scg2",0.93,"1.78e-04",3.75,"yoked vs. trained","trained"
"1041","DG","Sde2",1.12,"2.77e-03",2.56,"yoked vs. trained","trained"
"1042","DG","Sec61b",-1.08,"9.26e-02",1.03,"yoked vs. trained","yoked"
"1043","DG","Serp1",0.68,"5.20e-02",1.28,"yoked vs. trained","trained"
"1044","DG","Sertad1",1.41,"3.11e-02",1.51,"yoked vs. trained","trained"
"1045","DG","Sgk1",1.79,"1.21e-06",5.92,"yoked vs. trained","trained"
"1046","DG","Sh2d3c",1.39,"6.36e-02",1.2,"yoked vs. trained","trained"
"1047","DG","Siah2",1.02,"3.52e-02",1.45,"yoked vs. trained","trained"
"1048","DG","Ski",0.4,"1.28e-02",1.89,"yoked vs. trained","trained"
"1049","DG","Slc16a1",1.87,"1.67e-08",7.78,"yoked vs. trained","trained"
"1050","DG","Slc25a25",0.72,"2.16e-03",2.67,"yoked vs. trained","trained"
"1051","DG","Slc2a1",0.85,"8.38e-03",2.08,"yoked vs. trained","trained"
"1052","DG","Slc2a3",0.5,"8.13e-04",3.09,"yoked vs. trained","trained"
"1053","DG","Slc45a4",0.67,"2.17e-02",1.66,"yoked vs. trained","trained"
"1054","DG","Slc6a6",0.36,"6.48e-02",1.19,"yoked vs. trained","trained"
"1055","DG","Slitrk5",0.54,"6.54e-02",1.18,"yoked vs. trained","trained"
"1056","DG","Smad7",2.55,"3.46e-09",8.46,"yoked vs. trained","trained"
"1057","DG","Snx18",1.54,"5.83e-06",5.23,"yoked vs. trained","trained"
"1058","DG","Sowahc",1.45,"2.38e-03",2.62,"yoked vs. trained","trained"
"1059","DG","Sox9",1.06,"4.92e-02",1.31,"yoked vs. trained","trained"
"1060","DG","Spty2d1",1.37,"1.00e-06",6,"yoked vs. trained","trained"
"1061","DG","Srek1ip1",-0.69,"8.67e-02",1.06,"yoked vs. trained","yoked"
"1062","DG","Srf",0.86,"2.16e-03",2.67,"yoked vs. trained","trained"
"1063","DG","Stmn4",0.5,"6.28e-02",1.2,"yoked vs. trained","trained"
"1064","DG","Syt4",0.93,"5.00e-03",2.3,"yoked vs. trained","trained"
"1065","DG","Tdrp",1.21,"8.13e-04",3.09,"yoked vs. trained","trained"
"1066","DG","Tgfb3",0.88,"9.26e-02",1.03,"yoked vs. trained","trained"
"1067","DG","Tiparp",1.83,"9.73e-04",3.01,"yoked vs. trained","trained"
"1068","DG","Tmem167",-0.53,"7.94e-02",1.1,"yoked vs. trained","yoked"
"1069","DG","Tmem50a",-0.69,"2.21e-02",1.65,"yoked vs. trained","yoked"
"1070","DG","Tnip2",0.6,"4.32e-03",2.36,"yoked vs. trained","trained"
"1071","DG","Tra2b",0.66,"2.06e-03",2.69,"yoked vs. trained","trained"
"1072","DG","Traip",-0.73,"3.96e-02",1.4,"yoked vs. trained","yoked"
"1073","DG","Trp53inp2",0.48,"8.28e-02",1.08,"yoked vs. trained","trained"
"1074","DG","Tsc22d2",1.09,"8.08e-04",3.09,"yoked vs. trained","trained"
"1075","DG","Tspyl3",-1.02,"5.19e-02",1.28,"yoked vs. trained","yoked"
"1076","DG","Tubb4a",-0.57,"9.39e-02",1.03,"yoked vs. trained","yoked"
"1077","DG","Ubc",0.81,"5.37e-05",4.27,"yoked vs. trained","trained"
"1078","DG","Usp27x",0.9,"9.26e-02",1.03,"yoked vs. trained","trained"
"1079","DG","Uspl1",0.76,"4.13e-03",2.38,"yoked vs. trained","trained"
"1080","DG","Vamp1",-0.54,"5.87e-02",1.23,"yoked vs. trained","yoked"
"1081","DG","Vcl",0.85,"9.94e-02",1,"yoked vs. trained","trained"
"1082","DG","Wdr45b",0.51,"8.81e-02",1.05,"yoked vs. trained","trained"
"1083","DG","Zbtb33",0.67,"6.41e-02",1.19,"yoked vs. trained","trained"
"1084","DG","Zc3h12c",1.21,"3.44e-02",1.46,"yoked vs. trained","trained"
"1085","DG","Zdbf2",1.47,"5.37e-05",4.27,"yoked vs. trained","trained"
"1086","DG","Zfand5",0.84,"1.94e-03",2.71,"yoked vs. trained","trained"
"1087","DG","Zfp207",-0.37,"7.26e-02",1.14,"yoked vs. trained","yoked"
"1088","DG","Zfp275",1.26,"2.59e-03",2.59,"yoked vs. trained","trained"
"1089","DG","Zfp281",0.6,"1.32e-02",1.88,"yoked vs. trained","trained"
"1090","DG","Zfp654",0.72,"6.11e-02",1.21,"yoked vs. trained","trained"
"1091","DG","Zfp655",0.6,"6.28e-02",1.2,"yoked vs. trained","trained"
"1092","DG","Zfp668",-0.65,"1.36e-02",1.87,"yoked vs. trained","yoked"
"1093","DG","Zfp711",1.03,"9.26e-02",1.03,"yoked vs. trained","trained"
"1094","DG","Zfp791",-1.33,"8.33e-02",1.08,"yoked vs. trained","yoked"
"1095","DG","Zfp869",1.07,"3.11e-02",1.51,"yoked vs. trained","trained"
"1096","DG","Zfp949",-0.94,"3.52e-02",1.45,"yoked vs. trained","yoked"
