,source,native,name,p_value,significant,description,term_size,query_size,intersection_size,effective_domain_size,precision,recall,query,parents,intersections,evidences,min_logP,perc
0,GO:CC,GO:0005737,cytoplasm,1.2699988917305291e-07,True,"""The contents of a cell excluding the plasma membrane and nucleus, but including other subcellular structures."" [ISBN:0198547684]",11701,173,115,27195,0.6647398843930635,0.009828219810272626,query_1,"['GO:0005622', 'GO:0110165']","['Prkcz', 'Prnp', 'Dhrs7', 'Vwa3b', 'Copg2', 'Has2', 'Fto', 'Pmm2', 'Lgals1', 'Arid1b', 'Tmem119', 'Calcrl', 'Nuf2', 'Eif1a', 'Srgap1', 'H2-Q10', 'Harbi1', 'Lyrm2', 'Iqub', 'Thap4', 'Katnal1', 'Gmppb', 'Ankrd27', 'Gnb1l', 'Extl1', 'Naa30', 'Cyp11a1', 'Mtrf1', 'Irf9', 'Lat', 'Lin7c', 'Agpat4', 'Birc5', 'Rsrc1', 'Glyr1', 'Dhx16', 'Abca7', 'Ppic', 'Pigb', 'Il16', 'Ccnt1', 'Clrn1', 'Trim11', 'Gemin4', 'Arhgef15', 'Pxn', 'Elavl1', 'Hras', 'Scd3', 'Naf1', 'Spcs3', 'Sec61b', 'Igf2r', 'Actr3', 'Sos1', 'Amd2', 'Slco2a1', 'Wdr83', 'Arglu1', 'Mobp', 'Hilpda', 'Rnf128', 'Zbtb21', 'Raf1', 'Ap1b1', 'Clcc1', 'Pigm', 'Ccdc93', 'Trappc6b', 'Ndufs4', 'Spata2l', 'Tnip2', 'Rnf149', 'Nexn', 'Foxo1', 'Tmx4', 'Ahr', 'Eprs', 'Ipmk', 'Iqcg', 'Prkci', 'Arpp19', 'Zbtb33', 'Msmo1', 'Rdh16', 'Cul9', 'Prom2', 'Usp17lc', 'Eif2s1', 'Malsu1', 'Gprc5b', 'Wdfy2', 'Thoc7', 'Scg3', 'Ripk3', 'Card6', 'Gstm2', 'M1ap', 'Ildr1', 'F13a1', 'Mmp12', 'Dusp10', 'Psmb8', 'Gm4847', 'Fut7', 'Gadd45b', 'Atl2', 'Kctd6', 'Rnft1', 'Fkbp6', 'Fgf8', 'Cenpf', 'Dcun1d3', 'Tgs1', 'Akt1']","[['IDA', 'ISO', 'IEA'], ['IDA', 'ISO', 'IEA'], ['ISS', 'ISO', 'IEA'], ['ISO', 'IEA'], ['IDA', 'ISO', 'IBA', 'IEA'], ['IDA', 'ISS', 'ISO', 'IEA'], ['ISS', 'ISO', 'IEA'], ['IDA', 'ISO', 'IBA', 'IEA'], ['ISO', 'IEA'], ['IEA'], ['IDA', 'IEA'], ['ISO', 'IEA'], ['ISO', 'IEA'], ['ISO', 'IBA', 'IEA'], ['IBA'], ['ISO', 'TAS', 'IEA'], ['ISO', 'IEA'], ['HDA', 'IBA', 'IEA'], ['IDA', 'IBA', 'IEA'], ['ISO', 'IEA'], ['ISS', 'ISO', 'IEA'], ['HDA', 'ISS', 'IBA', 'IEA'], ['IDA', 'ISO', 'IBA', 'IEA'], ['IDA', 'IEA'], ['IBA', 'IEA'], ['ISS', 'ISO', 'IBA', 'IEA'], ['IDA', 'HDA', 'ISS', 'ISO', 'IBA', 'IEA'], ['HDA', 'ISO', 'IBA', 'IEA'], ['ISO', 'IEA'], ['ISO', 'IEA'], ['ISO', 'TAS', 'IEA'], ['IDA', 'IBA', 'IEA'], ['IDA', 'ISS', 'ISO', 'IBA', 'IEA'], ['IDA', 'IBA', 'IEA'], ['ISO', 'IEA'], ['ISO', 'IEA'], ['IDA', 'ISO', 'IEA'], ['IBA', 'IEA'], ['IDA', 'ISO', 'IBA', 'IEA'], ['ISO', 'IEA'], ['ISO', 'IEA'], ['IDA'], ['IDA', 'ISO', 'IBA', 'IEA'], ['ISO', 'IBA', 'IEA'], ['ISS', 'ISO'], ['ISO', 'IEA'], ['IDA', 'IPI', 'ISS', 'ISO', 'IEA'], ['ISS', 'ISO', 'IEA'], ['ISO', 'IBA', 'IEA'], ['IEA'], ['ISO', 'IBA', 'IEA'], ['IDA', 'ISS', 'ISO', 'IBA', 'IEA'], ['ISS', 'ISO', 'IBA', 'IEA'], ['ISS', 'ISO', 'IEA'], ['ISO', 'TAS', 'IEA'], ['IBA'], ['IEA'], ['IDA', 'ISO', 'IEA'], ['ISO', 'IBA', 'IEA'], ['IDA', 'HDA', 'TAS', 'IEA'], ['ISS', 'ISO', 'IEA'], ['IDA', 'IBA', 'IEA'], ['ISO', 'IEA'], ['ISS', 'ISO', 'IBA', 'TAS', 'IEA'], ['ISO', 'TAS', 'NAS', 'IEA'], ['ISO', 'IBA', 'IEA'], ['IBA', 'IEA'], ['IEA'], ['IBA', 'NAS', 'IEA'], ['IEA'], ['IBA'], ['IDA', 'ISO', 'IEA'], ['IBA'], ['ISS', 'ISO', 'IEA'], ['IDA', 'ISS', 'ISO', 'IEA'], ['ISS', 'ISO', 'IEA'], ['IEA'], ['ISS', 'ISO', 'IEA'], ['IBA'], ['IDA', 'ISO', 'IBA', 'IEA'], ['IDA', 'ISS', 'ISO', 'IEA'], ['IBA', 'IEA'], ['ISO', 'IEA'], ['IBA', 'IEA'], ['IDA', 'ISO', 'IEA'], ['IEA'], ['ISS', 'ISO'], ['ISO', 'IBA', 'IEA'], ['IDA', 'ISS', 'ISO', 'IBA', 'TAS', 'IEA'], ['ISS', 'ISO', 'IBA', 'IEA'], ['ISO', 'IEA'], ['IDA', 'ISS', 'ISO', 'IBA', 'IEA'], ['ISS', 'ISO', 'IEA'], ['IDA', 'IBA', 'IEA'], ['IDA', 'ISS', 'ISO', 'IBA', 'IEA'], ['ISA'], ['ISO', 'IEA'], ['IDA', 'IEA'], ['ISO', 'IEA'], ['IEA'], ['ISO', 'IEA'], ['ISO', 'IBA', 'IEA'], ['TAS', 'IEA'], ['IEA'], ['ISO', 'IEA'], ['ISO', 'IBA', 'IEA'], ['ISS', 'ISO', 'IEA'], ['IEA'], ['ISS', 'ISO', 'IBA', 'IEA'], ['IDA', 'IBA', 'IEA'], ['IBA'], ['IDA', 'ISO', 'IEA'], ['ISS', 'ISO', 'IEA'], ['ISO', 'IEA'], ['IDA', 'ISO', 'TAS', 'IEA']]",15.879079623141328,0.009828219810272626
1,GO:CC,GO:0110165,cellular anatomical structure,3.140001668354459e-05,True,"""A part of a cellular organism consisting of a material entity with granularity above the level of a protein complex but below that of an anatomical system. Note that cellular organisms exclude viruses."" [GOC:kmv]",22771,173,167,27195,0.9653179190751445,0.007333889596416495,query_1,['GO:0005575'],"['Prkcz', 'Prnp', 'Dhrs7', 'Vwa3b', 'Copg2', 'Has2', 'Samd11', 'Fto', 'Pmm2', 'Gpr157', 'Lgals1', 'Arid1b', 'Tmem119', 'Calcrl', 'Comp', 'Nuf2', 'Eif1a', 'Srgap1', 'Slc7a15', 'Bst1', 'H2-Q10', 'Harbi1', 'Lyrm2', 'Iqub', 'Gm45140', 'Urb1', 'Thap4', 'Katnal1', 'Itgb7', 'Gmppb', 'Ankrd27', 'Gnb1l', 'Zc3h6', 'Extl1', 'Naa30', 'Cyp11a1', 'Mtrf1', 'Nfam1', 'Irf9', 'Banp', 'Lat', 'Lin7c', 'Zfp276', 'Agpat4', 'Itga7', 'Cd1d1', 'Birc5', 'Hrh2', 'Rsrc1', 'Zfp385b', 'Glyr1', 'Cd27', 'Zscan2', 'Dhx16', 'Abca7', 'Ppic', 'Pigb', 'Il16', 'Ccnt1', 'Clrn1', 'Trim11', 'Trhr', 'Gemin4', 'Slc2a5', 'Arhgef15', 'Pxn', 'Slc36a4', 'Elavl1', 'Hras', 'Scd3', 'Gatad2b', 'Naf1', 'Spcs3', 'Sec61b', 'Igf2r', 'Actr3', 'Shc4', 'Sos1', 'Amd2', 'Slco2a1', 'Wdr83', 'Slc23a4', 'Rsbn1l', 'Arglu1', 'Gata3', 'Tada2b', 'Rasl11a', 'Mobp', 'Hilpda', 'Rnf128', 'Zfp937', 'Zbtb21', 'Klf16', 'Nrg2', 'Raf1', 'Ap1b1', 'Clcc1', 'Pigm', 'Ccdc93', 'Veph1', 'Trappc6b', 'Ndufs4', 'Spata2l', 'Fbxl2', 'Arid1a', 'Tnip2', 'Rnf149', 'Cnnm4', 'Nexn', 'Foxo1', 'Tmx4', 'Ahr', 'Eprs', 'Ipmk', 'Iqcg', 'Prkci', 'Arpp19', 'Zbtb33', 'Msmo1', 'Foxg1', 'Rdh16', 'Cul9', 'Prom2', 'Usp17lc', 'Rbbp5', 'Eif2s1', 'Malsu1', 'Gprc5b', 'Wdfy2', 'Thoc7', 'Scg3', 'Vmn2r10', 'Ripk3', 'Card6', 'Dlk1', 'Gstm2', 'AI467606', 'M1ap', 'Pira2', 'Slc5a10', 'Odf4', 'Dscc1', 'Ildr1', 'F13a1', 'Ankar', 'Cd5', 'Mmp12', 'Dusp10', 'Klhdc2', 'Psmb8', 'Tmem253', 'Gm4847', '9830107B12Rik', 'Fut7', 'Gadd45b', 'Atl2', 'Kctd6', 'Rnft1', 'Ssxb2', 'Fkbp6', 'Fgf8', 'Hpx', 'H2-DMb1', 'Cenpf', 'Dcun1d3', 'Tgs1', 'Akt1']","[['IDA', 'IGI', 'ISS', 'ISO', 'IEA'], ['IDA', 'IMP', 'ISO', 'TAS', 'IEA'], ['ISS', 'ISO', 'IEA'], ['ISO', 'IEA'], ['IDA', 'ISO', 'IBA', 'IEA'], ['IDA', 'ISS', 'ISO', 'IEA'], ['IDA', 'IBA', 'IEA'], ['IDA', 'ISS', 'ISO', 'IEA'], ['IDA', 'ISO', 'IBA', 'IEA'], ['IDA', 'IBA', 'IEA'], ['IDA', 'HDA', 'ISO', 'IBA', 'TAS', 'IEA'], ['NAS', 'IEA'], ['IDA', 'ISO', 'IBA', 'IEA'], ['ISS', 'ISO', 'IBA', 'IEA'], ['IDA', 'HDA', 'ISO', 'IBA', 'IEA'], ['ISS', 'ISO', 'IBA', 'NAS', 'IEA'], ['ISO', 'IBA', 'IEA'], ['IBA'], ['IEA'], ['IEA'], ['IDA', 'ISO', 'IBA', 'TAS', 'IEA'], ['ISO', 'IEA'], ['HDA', 'IBA', 'IEA'], ['IDA', 'IBA', 'IEA'], ['IEA'], ['IEA'], ['ISO', 'IEA'], ['IDA', 'ISS', 'ISO', 'IBA', 'IEA'], ['ISO', 'IBA', 'IEA'], ['HDA', 'ISS', 'IBA', 'IEA'], ['IDA', 'ISO', 'IBA', 'IEA'], ['IDA', 'ISS', 'IEA'], ['IBA'], ['IBA', 'IEA'], ['ISS', 'ISO', 'IBA', 'IEA'], ['IDA', 'HDA', 'ISS', 'ISO', 'IBA', 'IEA'], ['HDA', 'ISO', 'IBA', 'IEA'], ['IDA', 'ISS', 'ISO', 'IBA', 'IEA'], ['ISO', 'IBA', 'IEA'], ['IDA', 'ISO', 'IEA'], ['IDA', 'ISO', 'IBA', 'TAS', 'IEA'], ['IDA', 'ISO', 'IBA', 'TAS', 'IEA'], ['ISS', 'ISO', 'IBA', 'IEA'], ['IDA', 'IBA', 'IEA'], ['IEA'], ['IEA'], ['IDA', 'ISS', 'ISO', 'IBA', 'IEA'], ['IBA', 'IEA'], ['IDA', 'IBA', 'IEA'], ['ISS', 'ISO', 'IBA', 'IEA'], ['ISS', 'ISO', 'IEA'], ['IDA', 'IBA', 'IEA'], ['IBA', 'IEA'], ['ISO', 'IEA'], ['IDA', 'ISS', 'ISO', 'IBA', 'IEA'], ['IBA', 'IEA'], ['IDA', 'ISO', 'IBA', 'IEA'], ['HDA', 'ISO', 'IEA'], ['IDA', 'ISS', 'ISO', 'IBA', 'TAS', 'IEA'], ['IDA', 'ISO', 'IEA'], ['IDA', 'ISO', 'IBA', 'IEA'], ['ISO', 'IEA'], ['ISO', 'IBA', 'IEA'], ['IDA', 'ISS', 'ISO', 'IBA', 'IEA'], ['IDA', 'IMP', 'ISS', 'ISO', 'IEA'], ['IDA', 'ISO', 'TAS', 'IEA'], ['IEA'], ['IDA', 'IPI', 'IEP', 'ISS', 'ISO', 'IEA'], ['ISS', 'ISO', 'IBA', 'TAS', 'IEA'], ['ISO', 'IBA', 'IEA'], ['ISS', 'ISO', 'IBA', 'NAS', 'IEA'], ['IEA'], ['ISO', 'IBA', 'IEA'], ['IDA', 'ISS', 'ISO', 'IBA', 'IEA'], ['IDA', 'ISS', 'ISO', 'IBA', 'IEA'], ['IDA', 'ISS', 'ISO', 'IBA', 'IEA'], ['IBA', 'IEA'], ['ISO', 'IBA', 'TAS', 'IEA'], ['IBA'], ['ISS', 'ISO', 'IC', 'IEA'], ['IDA', 'ISO', 'IBA', 'IEA'], ['IEA'], ['IBA', 'IEA'], ['ISO', 'IBA', 'IEA'], ['IDA', 'ISO', 'IEA'], ['IDA', 'ISO', 'IBA', 'NAS', 'IEA'], ['IDA', 'IEA'], ['IDA', 'HDA', 'TAS', 'IEA'], ['ISS', 'ISO', 'IBA', 'IEA'], ['IDA', 'IBA', 'IEA'], ['IBA'], ['ISO', 'IBA', 'IEA'], ['IEA'], ['IEA'], ['IDA', 'ISS', 'ISO', 'IBA', 'TAS', 'IEA'], ['ISO', 'TAS', 'NAS', 'IEA'], ['ISS', 'ISO', 'IBA', 'IEA'], ['IBA', 'IEA'], ['ISO', 'IEA'], ['IBA', 'IEA'], ['IBA', 'NAS', 'IEA'], ['IEA'], ['IBA'], ['ISS', 'ISO', 'IEA'], ['IDA', 'ISS', 'ISO', 'IBA', 'NAS', 'IEA'], ['IDA', 'ISO', 'IEA'], ['IBA', 'IEA'], ['IDA', 'ISO', 'IBA', 'IEA'], ['ISS', 'ISO', 'IBA', 'IEA'], ['IDA', 'ISS', 'ISO', 'IBA', 'TAS', 'IEA'], ['IDA', 'ISS', 'ISO', 'IBA', 'IEA'], ['IEA'], ['IDA', 'ISS', 'ISO', 'IEA'], ['ISS', 'ISO', 'IBA', 'IEA'], ['IDA', 'ISO', 'IBA', 'IEA'], ['IDA', 'ISS', 'ISO', 'IEA'], ['IBA', 'IEA'], ['IDA', 'ISO', 'IBA', 'IEA'], ['IBA', 'IEA'], ['IDA', 'IBA', 'TAS', 'IEA'], ['IDA', 'ISO', 'IBA', 'IEA'], ['IEA'], ['IDA', 'ISS', 'ISO', 'IBA', 'IEA'], ['ISO', 'IBA', 'IEA'], ['ISS', 'ISO', 'IBA', 'TAS', 'IEA'], ['EXP', 'IDA', 'ISS', 'ISO', 'IBA', 'TAS', 'IEA'], ['ISS', 'ISO', 'IBA', 'IEA'], ['IDA', 'ISO', 'IBA', 'IEA'], ['IDA', 'ISS', 'ISO', 'IBA', 'IEA'], ['ISS', 'ISO', 'IBA', 'IEA'], ['IDA', 'IBA', 'IEA'], ['IEA'], ['IDA', 'ISS', 'ISO', 'IBA', 'IEA'], ['ISA'], ['IEA'], ['ISO', 'IEA'], ['IEA'], ['IDA', 'NAS', 'IEA'], ['ISO', 'IBA'], ['IBA', 'IEA'], ['IDA', 'IBA', 'IEA'], ['ISS', 'ISO', 'IBA', 'IEA'], ['IDA', 'IMP', 'ISO', 'IBA', 'IEA'], ['HDA', 'IEA'], ['IEA'], ['IDA', 'ISO', 'IBA', 'IEA'], ['IDA', 'HDA', 'ISO', 'IBA', 'TAS', 'IEA'], ['ISO', 'IBA', 'IEA'], ['ISS', 'ISO', 'IEA'], ['ISS', 'IBA', 'TAS', 'IEA'], ['IEA'], ['IEA'], ['IBA', 'IEA'], ['ISO', 'IEA'], ['ISO', 'IBA', 'TAS', 'IEA'], ['ISS', 'ISO', 'IEA'], ['IEA'], ['ISS', 'ISO', 'IBA', 'IEA'], ['IBA', 'IEA'], ['IDA', 'IBA', 'TAS', 'IEA'], ['ISO', 'IBA', 'IEA'], ['ISO', 'IBA', 'IEA'], ['IEA'], ['IDA', 'ISS', 'ISO', 'IBA', 'IEA'], ['ISS', 'ISO', 'IEA'], ['ISO', 'IBA', 'IEA'], ['IDA', 'IMP', 'ISO', 'TAS', 'IEA']]",10.368702133727131,0.007333889596416495
2,GO:CC,GO:0005829,cytosol,0.00028593015456251046,True,"""The part of the cytoplasm that does not contain organelles but which does contain other particulate matter, such as protein complexes."" [GOC:hjd, GOC:jl]",4199,173,52,27195,0.30057803468208094,0.01238390092879257,query_1,"['GO:0005737', 'GO:0110165']","['Prkcz', 'Prnp', 'Vwa3b', 'Copg2', 'Fto', 'Pmm2', 'Lgals1', 'Arid1b', 'Nuf2', 'Harbi1', 'Thap4', 'Ankrd27', 'Naa30', 'Irf9', 'Birc5', 'Glyr1', 'Il16', 'Ccnt1', 'Trim11', 'Gemin4', 'Pxn', 'Elavl1', 'Hras', 'Sos1', 'Amd2', 'Arglu1', 'Mobp', 'Zbtb21', 'Raf1', 'Ap1b1', 'Tnip2', 'Ahr', 'Eprs', 'Iqcg', 'Prkci', 'Zbtb33', 'Cul9', 'Usp17lc', 'Eif2s1', 'Malsu1', 'Gprc5b', 'Thoc7', 'Ripk3', 'Gstm2', 'Ildr1', 'Dusp10', 'Psmb8', 'Fkbp6', 'Cenpf', 'Dcun1d3', 'Tgs1', 'Akt1']","[['ISO', 'IEA'], ['ISO', 'IEA'], ['ISO', 'IEA'], ['IEA'], ['ISO', 'IEA'], ['ISO', 'IBA', 'IEA'], ['ISO', 'IEA'], ['IEA'], ['ISO', 'IEA'], ['ISO', 'IEA'], ['ISO', 'IEA'], ['ISO', 'IEA'], ['ISO', 'IEA'], ['ISO', 'IEA'], ['ISS', 'ISO'], ['ISO', 'IEA'], ['ISO', 'IEA'], ['ISO', 'IEA'], ['ISO', 'IBA', 'IEA'], ['ISO', 'IEA'], ['ISO', 'IEA'], ['ISS', 'ISO', 'IEA'], ['ISO', 'IEA'], ['TAS'], ['IBA'], ['ISO', 'IEA'], ['TAS'], ['ISO', 'IEA'], ['ISO', 'IBA', 'TAS', 'IEA'], ['ISO', 'IEA'], ['ISO', 'IEA'], ['IEA'], ['ISS', 'ISO', 'IEA'], ['IDA', 'ISO', 'IEA'], ['ISS', 'ISO', 'IEA'], ['ISO', 'IEA'], ['IEA'], ['IBA'], ['ISO', 'TAS', 'IEA'], ['ISO', 'IEA'], ['ISO', 'IEA'], ['ISO', 'IEA'], ['ISS', 'ISO', 'IEA'], ['ISO'], ['ISO'], ['ISO', 'IBA', 'IEA'], ['TAS'], ['IDA', 'IEA'], ['ISO', 'IEA'], ['ISO', 'IEA'], ['ISO', 'IEA'], ['IDA', 'ISO', 'TAS', 'IEA']]",8.159762991786113,0.01238390092879257
3,GO:BP,GO:0051249,regulation of lymphocyte activation,0.00034706320727663503,True,"""Any process that modulates the frequency, rate or extent of lymphocyte activation."" [GOC:ai]",508,174,16,26963,0.09195402298850575,0.031496062992125984,query_1,"['GO:0002694', 'GO:0046649']","['Prkcz', 'Prnp', 'Lgals1', 'Arid1b', 'H2-Q10', 'Nfam1', 'Lat', 'Cd27', 'Sos1', 'Gata3', 'Arid1a', 'Tnip2', 'Ahr', 'Ripk3', 'Cd5', 'Dusp10']","[['IMP'], ['IMP'], ['IDA'], ['NAS'], ['ISO'], ['IDA', 'IEA'], ['ISS', 'ISO', 'IBA', 'IEA'], ['NAS', 'IEA'], ['IGI'], ['IDA', 'IMP'], ['NAS'], ['IMP'], ['IEA'], ['IGI'], ['IDA', 'IBA'], ['ISO', 'IEA']]",7.966003641070384,0.031496062992125984
4,KEGG,KEGG:05165,Human papillomavirus infection,0.0005967777355979985,True,Human papillomavirus infection,353,79,13,9330,0.16455696202531644,0.036827195467422094,query_1,['KEGG:00000'],"['Prkcz', 'Comp', 'H2-Q10', 'Itgb7', 'Irf9', 'Itga7', 'Pxn', 'Hras', 'Sos1', 'Raf1', 'Foxo1', 'Prkci', 'Akt1']","[['KEGG'], ['KEGG'], ['KEGG'], ['KEGG'], ['KEGG'], ['KEGG'], ['KEGG'], ['KEGG'], ['KEGG'], ['KEGG'], ['KEGG'], ['KEGG'], ['KEGG']]",7.423965816074242,0.036827195467422094
5,GO:BP,GO:0048518,positive regulation of biological process,0.0009464088517314257,True,"""Any process that activates or increases the frequency, rate or extent of a biological process. Biological processes are regulated by many means; examples include the control of gene expression, protein modification or interaction with a protein or substrate molecule."" [GOC:jid]",6584,174,72,26963,0.41379310344827586,0.010935601458080195,query_1,"['GO:0008150', 'GO:0050789']","['Prkcz', 'Prnp', 'Has2', 'Fto', 'Lgals1', 'Arid1b', 'Tmem119', 'Calcrl', 'Comp', 'Bst1', 'H2-Q10', 'Ankrd27', 'Nfam1', 'Irf9', 'Banp', 'Lat', 'Birc5', 'Hrh2', 'Glyr1', 'Cd27', 'Zscan2', 'Abca7', 'Il16', 'Ccnt1', 'Clrn1', 'Trim11', 'Trhr', 'Arhgef15', 'Pxn', 'Elavl1', 'Hras', 'Gatad2b', 'Naf1', 'Igf2r', 'Actr3', 'Shc4', 'Sos1', 'Gata3', 'Tada2b', 'Rasl11a', 'Hilpda', 'Raf1', 'Ndufs4', 'Fbxl2', 'Arid1a', 'Tnip2', 'Foxo1', 'Ahr', 'Eprs', 'Prkci', 'Arpp19', 'Foxg1', 'Rdh16', 'Prom2', 'Rbbp5', 'Eif2s1', 'Gprc5b', 'Wdfy2', 'Ripk3', 'Dscc1', 'Ildr1', 'Cd5', 'Mmp12', 'Dusp10', 'Fut7', 'Gadd45b', 'Rnft1', 'Fkbp6', 'Fgf8', 'Hpx', 'Dcun1d3', 'Akt1']","[['IMP', 'ISS', 'ISO', 'IEA'], ['IMP', 'IGI', 'ISO', 'IEA'], ['ISO', 'IEA'], ['ISS', 'ISO', 'IEA'], ['IDA', 'ISO', 'IEA'], ['NAS'], ['IDA', 'IMP', 'ISO', 'IBA', 'IEA'], ['IMP'], ['IMP'], ['IEA'], ['ISO', 'IBA'], ['IMP', 'ISO', 'IEA'], ['IDA', 'IMP', 'IBA', 'IEA'], ['ISO', 'IEA'], ['IMP'], ['ISO', 'IEA'], ['ISS', 'ISO', 'IBA', 'NAS'], ['IEA'], ['ISO', 'IEA'], ['IDA', 'NAS', 'IEA'], ['IEA'], ['IDA', 'IMP'], ['IDA', 'ISO', 'IBA', 'IEA'], ['ISS', 'ISO', 'IBA', 'IEA'], ['ISO', 'IEA'], ['IDA', 'ISS', 'ISO', 'IEA'], ['ISO'], ['ISS', 'ISO'], ['IMP', 'ISO', 'IEA'], ['IDA', 'IMP', 'ISS', 'ISO', 'IEA'], ['IDA', 'IPI', 'IMP', 'ISO', 'IEA'], ['NAS'], ['IEA'], ['ISO', 'IEA'], ['ISS', 'ISO', 'IEA'], ['IMP'], ['IGI', 'ISO', 'TAS', 'IEA'], ['IDA', 'IMP', 'IGI', 'ISS', 'ISO', 'IBA', 'IEA'], ['NAS', 'IEA'], ['IDA'], ['ISS', 'ISO', 'IEA'], ['IMP', 'ISO', 'IEA'], ['IEA'], ['ISS', 'ISO', 'IEA'], ['ISS', 'ISO', 'IBA', 'NAS', 'IEA'], ['IMP', 'ISS', 'ISO', 'IBA', 'IEA'], ['IDA', 'IMP', 'IGI', 'ISS', 'ISO', 'IEA'], ['IEA'], ['IEA'], ['IMP', 'ISS', 'ISO', 'IEA'], ['ISO'], ['IMP', 'IGI'], ['ISO'], ['ISO', 'IEA'], ['ISO', 'IEA'], ['ISO', 'IEA'], ['IDA', 'IMP'], ['IMP', 'ISS', 'ISO', 'IBA', 'IEA'], ['IDA', 'IMP', 'ISS', 'ISO', 'IEA'], ['ISS'], ['IDA'], ['IDA', 'IBA'], ['IMP', 'ISO', 'IEA'], ['ISO', 'IEA'], ['IMP', 'ISS', 'ISO', 'IEA'], ['IDA', 'ISO', 'IEA'], ['ISS', 'ISO', 'IBA', 'IEA'], ['ISO', 'IEA'], ['IDA', 'IMP', 'IGI', 'ISO', 'IBA', 'IEA'], ['IMP'], ['ISS', 'ISO', 'IEA'], ['IDA', 'IMP', 'IGI', 'ISS', 'ISO', 'IEA']]",6.962835892288653,0.010935601458080195
6,GO:BP,GO:0007159,leukocyte cell-cell adhesion,0.0009927777331501786,True,"""The attachment of a leukocyte to another cell via adhesion molecules."" [GOC:go_curators]",418,174,14,26963,0.08045977011494253,0.03349282296650718,query_1,['GO:0098609'],"['Prkcz', 'Prnp', 'Has2', 'Lgals1', 'Arid1b', 'H2-Q10', 'Itgb7', 'Cd27', 'Gata3', 'Arid1a', 'Cd5', 'Dusp10', 'Fut7', 'Akt1']","[['IMP'], ['IMP'], ['ISO', 'IEA'], ['IDA'], ['NAS'], ['ISO'], ['ISO', 'IEA'], ['NAS', 'IEA'], ['IDA'], ['NAS'], ['IDA', 'IBA'], ['ISO', 'IEA'], ['IMP', 'ISS', 'ISO', 'IEA'], ['ISO', 'IEA']]",6.915003752659221,0.03349282296650718
7,GO:BP,GO:0009889,regulation of biosynthetic process,0.0011801944177951592,True,"""Any process that modulates the frequency, rate or extent of the chemical reactions and pathways resulting in the formation of substances."" [GOC:go_curators]",5712,174,65,26963,0.3735632183908046,0.01137955182072829,query_1,"['GO:0009058', 'GO:0019222']","['Prkcz', 'Prnp', 'Gm3854', 'Has2', 'Samd11', 'Fto', 'Arid1b', 'Tmem119', 'Comp', 'H2-Q10', 'Zc3h6', 'Nfam1', 'Irf9', 'Banp', 'Zfp276', 'Birc5', 'Krba1', 'Glyr1', 'Cd27', 'Zscan2', 'Abca7', 'Il16', 'Ccnt1', 'Trim11', 'Elavl1', 'Hras', 'Gatad2b', 'Naf1', 'Actr3', 'Shc4', 'Sos1', 'Gata3', 'Tada2b', 'Rasl11a', 'Smg9', 'Hilpda', 'Rnf128', 'Zfp937', 'Zbtb21', 'Klf16', 'Raf1', 'Arid1a', 'Tnip2', 'Foxo1', 'Ahr', 'Eprs', 'Prkci', 'Arpp19', 'Zbtb33', 'Foxg1', 'Rdh16', 'Rbbp5', 'Eif2s1', 'Malsu1', 'Gprc5b', 'Ripk3', 'Dscc1', 'Ildr1', 'Mmp12', 'Ssxb2', 'Fkbp6', 'Fgf8', 'Hpx', 'Cenpf', 'Akt1']","[['IMP', 'ISS'], ['IMP'], ['IBA', 'IEA'], ['ISO', 'IEA'], ['IDA', 'IBA'], ['ISS', 'ISO', 'IEA'], ['NAS'], ['IDA', 'IMP'], ['IMP'], ['ISO'], ['IEA'], ['ISS', 'IEA'], ['ISO', 'IBA', 'IEA'], ['IMP'], ['IBA'], ['ISS', 'ISO'], ['IEA'], ['ISO', 'IEA'], ['NAS'], ['IBA', 'IEA'], ['IDA'], ['ISO', 'IEA'], ['ISS', 'ISO', 'IBA', 'IEA'], ['IDA', 'IBA'], ['IDA', 'IMP', 'ISS', 'ISO', 'IEA'], ['IDA', 'IMP', 'ISO', 'IEA'], ['IBA', 'NAS', 'IEA'], ['IEA'], ['ISS', 'ISO', 'IEA'], ['IMP'], ['ISO', 'IEA'], ['IDA', 'IMP', 'IGI', 'ISS', 'ISO', 'IBA', 'IEA'], ['IBA', 'NAS', 'IEA'], ['IDA'], ['ISS', 'ISO', 'IBA', 'IEA'], ['ISS', 'ISO', 'IEA'], ['IDA'], ['IBA', 'IEA'], ['ISO', 'IBA', 'IEA'], ['IDA', 'IBA'], ['IMP'], ['IDA', 'IMP', 'ISS', 'ISO', 'IBA', 'NAS', 'IEA'], ['ISS', 'ISO', 'IBA', 'IEA'], ['IDA', 'IMP', 'IGI', 'ISS', 'ISO', 'IBA', 'IEA'], ['IEA'], ['IDA', 'ISO', 'IEA'], ['ISS'], ['ISO'], ['ISS', 'ISO', 'IBA', 'IEA'], ['IDA', 'IMP', 'ISO', 'IBA', 'IEA'], ['ISO'], ['ISO', 'IEA'], ['IDA', 'ISO', 'IEA'], ['ISO', 'IBA', 'IEA'], ['IMP'], ['IGI'], ['ISS'], ['IMP'], ['IMP', 'ISO', 'IEA'], ['IEA'], ['IMP', 'IBA', 'IEA'], ['IDA', 'IMP', 'IGI', 'IBA'], ['IMP'], ['ISO', 'IEA'], ['IDA', 'IMP', 'IGI', 'ISS', 'ISO', 'IEA']]",6.742076093232785,0.01137955182072829
8,KEGG,KEGG:05225,Hepatocellular carcinoma,0.0012387166137549101,True,Hepatocellular carcinoma,174,79,9,9330,0.11392405063291139,0.05172413793103448,query_1,['KEGG:00000'],"['Arid1b', 'Hras', 'Shc4', 'Sos1', 'Raf1', 'Arid1a', 'Gstm2', 'Gadd45b', 'Akt1']","[['KEGG'], ['KEGG'], ['KEGG'], ['KEGG'], ['KEGG'], ['KEGG'], ['KEGG'], ['KEGG'], ['KEGG']]",6.693679424243389,0.05172413793103448
9,GO:BP,GO:0010556,regulation of macromolecule biosynthetic process,0.0016429677305848794,True,"""Any process that modulates the rate, frequency or extent of the chemical reactions and pathways resulting in the formation of a macromolecule, any molecule of high relative molecular mass, the structure of which essentially comprises the multiple repetition of units derived, actually or conceptually, from molecules of low relative molecular mass."" [GOC:dph, GOC:tb]",5509,174,63,26963,0.3620689655172414,0.011435832274459974,query_1,"['GO:0009059', 'GO:0009889', 'GO:0060255']","['Prkcz', 'Prnp', 'Gm3854', 'Has2', 'Samd11', 'Fto', 'Arid1b', 'Tmem119', 'Comp', 'H2-Q10', 'Zc3h6', 'Nfam1', 'Irf9', 'Banp', 'Zfp276', 'Birc5', 'Krba1', 'Glyr1', 'Cd27', 'Zscan2', 'Abca7', 'Il16', 'Ccnt1', 'Trim11', 'Elavl1', 'Hras', 'Gatad2b', 'Naf1', 'Actr3', 'Shc4', 'Sos1', 'Gata3', 'Tada2b', 'Rasl11a', 'Smg9', 'Hilpda', 'Rnf128', 'Zfp937', 'Zbtb21', 'Klf16', 'Raf1', 'Arid1a', 'Tnip2', 'Foxo1', 'Ahr', 'Eprs', 'Prkci', 'Zbtb33', 'Foxg1', 'Rbbp5', 'Eif2s1', 'Malsu1', 'Gprc5b', 'Ripk3', 'Dscc1', 'Ildr1', 'Mmp12', 'Ssxb2', 'Fkbp6', 'Fgf8', 'Hpx', 'Cenpf', 'Akt1']","[['IMP', 'ISS'], ['IMP'], ['IBA', 'IEA'], ['ISO', 'IEA'], ['IDA', 'IBA'], ['ISS', 'ISO', 'IEA'], ['NAS'], ['IDA', 'IMP'], ['IMP'], ['ISO'], ['IEA'], ['ISS', 'IEA'], ['ISO', 'IBA', 'IEA'], ['IMP'], ['IBA'], ['ISS', 'ISO'], ['IEA'], ['ISO', 'IEA'], ['NAS'], ['IBA', 'IEA'], ['IDA'], ['ISO', 'IEA'], ['ISS', 'ISO', 'IBA', 'IEA'], ['IDA', 'IBA'], ['IDA', 'IMP', 'ISS', 'ISO', 'IEA'], ['IDA', 'IMP', 'ISO', 'IEA'], ['IBA', 'NAS', 'IEA'], ['IEA'], ['ISS', 'ISO', 'IEA'], ['IMP'], ['ISO', 'IEA'], ['IDA', 'IMP', 'IGI', 'ISS', 'ISO', 'IBA', 'IEA'], ['IBA', 'NAS', 'IEA'], ['IDA'], ['ISS', 'ISO', 'IBA', 'IEA'], ['ISS', 'ISO', 'IEA'], ['IDA'], ['IBA', 'IEA'], ['ISO', 'IBA', 'IEA'], ['IDA', 'IBA'], ['IMP'], ['IDA', 'IMP', 'ISS', 'ISO', 'IBA', 'NAS', 'IEA'], ['ISS', 'ISO', 'IBA', 'IEA'], ['IDA', 'IMP', 'IGI', 'ISS', 'ISO', 'IBA', 'IEA'], ['IEA'], ['IDA', 'ISO', 'IEA'], ['ISS'], ['ISS', 'ISO', 'IBA', 'IEA'], ['IDA', 'IMP', 'ISO', 'IBA', 'IEA'], ['ISO', 'IEA'], ['IDA', 'ISO', 'IEA'], ['ISO', 'IBA', 'IEA'], ['IMP'], ['IGI'], ['ISS'], ['IMP'], ['IMP', 'ISO', 'IEA'], ['IEA'], ['IMP', 'IBA', 'IEA'], ['IDA', 'IMP', 'IGI', 'IBA'], ['IMP'], ['ISO', 'IEA'], ['IDA', 'IMP', 'IGI', 'ISO', 'IEA']]",6.411251080664693,0.011435832274459974
10,KEGG,KEGG:04910,Insulin signaling pathway,0.0016764785040553544,True,Insulin signaling pathway,138,79,8,9330,0.10126582278481013,0.057971014492753624,query_1,['KEGG:00000'],"['Prkcz', 'Hras', 'Shc4', 'Sos1', 'Raf1', 'Foxo1', 'Prkci', 'Akt1']","[['KEGG'], ['KEGG'], ['KEGG'], ['KEGG'], ['KEGG'], ['KEGG'], ['KEGG'], ['KEGG']]",6.391059814057667,0.057971014492753624
11,GO:BP,GO:0002694,regulation of leukocyte activation,0.0018665313134611564,True,"""Any process that modulates the frequency, rate, or extent of leukocyte activation."" [GOC:add]",577,174,16,26963,0.09195402298850575,0.02772963604852686,query_1,"['GO:0002682', 'GO:0045321', 'GO:0050865']","['Prkcz', 'Prnp', 'Lgals1', 'Arid1b', 'H2-Q10', 'Nfam1', 'Lat', 'Cd27', 'Sos1', 'Gata3', 'Arid1a', 'Tnip2', 'Ahr', 'Ripk3', 'Cd5', 'Dusp10']","[['IMP'], ['IMP'], ['IDA'], ['NAS'], ['ISO'], ['IDA', 'IEA'], ['ISS', 'ISO', 'IBA', 'IEA'], ['NAS', 'IEA'], ['IGI'], ['IDA', 'IMP'], ['NAS'], ['IMP'], ['IEA'], ['IGI'], ['IDA', 'IBA'], ['ISO', 'IEA']]",6.283673483183977,0.02772963604852686
12,GO:BP,GO:1903037,regulation of leukocyte cell-cell adhesion,0.002005089738128603,True,"""Any process that modulates the frequency, rate or extent of leukocyte cell-cell adhesion."" [GO_REF:0000058, GOC:BHF, GOC:rl, GOC:TermGenie, PMID:21106532]",380,174,13,26963,0.07471264367816093,0.034210526315789476,query_1,"['GO:0007159', 'GO:0022407']","['Prkcz', 'Prnp', 'Has2', 'Lgals1', 'Arid1b', 'H2-Q10', 'Cd27', 'Gata3', 'Arid1a', 'Cd5', 'Dusp10', 'Fut7', 'Akt1']","[['IMP'], ['IMP'], ['ISO', 'IEA'], ['IDA'], ['NAS'], ['ISO'], ['NAS', 'IEA'], ['IDA'], ['NAS'], ['IDA', 'IBA'], ['ISO', 'IEA'], ['IMP', 'ISS', 'ISO', 'IEA'], ['ISO', 'IEA']]",6.212066462053803,0.034210526315789476
13,GO:BP,GO:0060255,regulation of macromolecule metabolic process,0.0020368706739766203,True,"""Any process that modulates the frequency, rate or extent of the chemical reactions and pathways involving macromolecules, any molecule of high relative molecular mass, the structure of which essentially comprises the multiple repetition of units derived, actually or conceptually, from molecules of low relative molecular mass."" [GOC:dph, GOC:tb]",6316,174,69,26963,0.39655172413793105,0.010924635845471818,query_1,"['GO:0019222', 'GO:0043170']","['Prkcz', 'Prnp', 'Gm3854', 'Has2', 'Samd11', 'Fto', 'Arid1b', 'Tmem119', 'Comp', 'Bst1', 'H2-Q10', 'Zc3h6', 'Nfam1', 'Irf9', 'Banp', 'Zfp276', 'Birc5', 'Krba1', 'Glyr1', 'Cd27', 'Zscan2', 'Abca7', 'Il16', 'Ccnt1', 'Trim11', 'Elavl1', 'Hras', 'Gatad2b', 'Naf1', 'Actr3', 'Shc4', 'Sos1', 'Gata3', 'Tada2b', 'Rasl11a', 'Smg9', 'Hilpda', 'Rnf128', 'Zfp937', 'Zbtb21', 'Klf16', 'Raf1', 'Ndufs4', 'Arid1a', 'Tnip2', 'Foxo1', 'Ahr', 'Eprs', 'Prkci', 'Zbtb33', 'Foxg1', 'Prom2', 'Rbbp5', 'Eif2s1', 'Malsu1', 'Gprc5b', 'Wdfy2', 'Ripk3', 'Dscc1', 'Ildr1', 'Mmp12', 'Rnft1', 'Ssxb2', 'Fkbp6', 'Fgf8', 'Hpx', 'Cenpf', 'Dcun1d3', 'Akt1']","[['IMP', 'ISS', 'ISO', 'IEA'], ['IMP', 'IGI', 'ISO', 'IEA'], ['IBA', 'IEA'], ['ISO', 'IEA'], ['IDA', 'IBA'], ['ISS', 'ISO', 'IEA'], ['NAS'], ['IDA', 'IMP'], ['IMP'], ['IEA'], ['ISO'], ['IEA'], ['ISS', 'IEA'], ['ISO', 'IBA', 'IEA'], ['IMP', 'IBA'], ['IBA'], ['ISS', 'ISO', 'IBA', 'NAS'], ['IEA'], ['ISO', 'IEA'], ['NAS'], ['IBA', 'IEA'], ['IDA', 'IMP', 'ISO', 'IEA'], ['ISO', 'IEA'], ['ISS', 'ISO', 'IBA', 'IEA'], ['IDA', 'IBA'], ['IDA', 'IMP', 'ISS', 'ISO', 'IEA'], ['IDA', 'IMP', 'ISO', 'IEA'], ['IBA', 'NAS', 'IEA'], ['IEA'], ['ISS', 'ISO', 'IEA'], ['IMP'], ['ISO', 'IEA'], ['IDA', 'IMP', 'IGI', 'ISS', 'ISO', 'IBA', 'IEA'], ['IBA', 'NAS', 'IEA'], ['IDA'], ['ISS', 'ISO', 'IBA', 'IEA'], ['ISS', 'ISO', 'IEA'], ['IDA'], ['IBA', 'IEA'], ['ISO', 'IBA', 'IEA'], ['IDA', 'IBA'], ['IMP', 'ISO', 'IEA'], ['IEA'], ['IDA', 'IMP', 'ISS', 'ISO', 'IBA', 'NAS', 'IEA'], ['ISS', 'ISO', 'IBA', 'IEA'], ['IDA', 'IMP', 'IGI', 'ISS', 'ISO', 'IBA', 'IEA'], ['IEA'], ['IDA', 'ISO', 'IEA'], ['ISS'], ['ISS', 'ISO', 'IBA', 'IEA'], ['IDA', 'IMP', 'ISO', 'IBA', 'IEA'], ['ISO', 'IEA'], ['ISO', 'IEA'], ['IDA', 'ISO', 'IEA'], ['ISO', 'IBA', 'IEA'], ['IMP'], ['ISS', 'ISO', 'IBA', 'IEA'], ['IGI', 'ISS'], ['ISS', 'ISO', 'IEA'], ['IMP'], ['IMP', 'ISO', 'IEA'], ['ISS', 'ISO', 'IBA', 'IEA'], ['IEA'], ['IMP', 'IBA', 'IEA'], ['IDA', 'IMP', 'IGI', 'IBA'], ['IMP'], ['ISO', 'IEA'], ['ISS', 'ISO', 'IEA'], ['IDA', 'IMP', 'IGI', 'ISO', 'IEA']]",6.196340632227851,0.010924635845471818
14,GO:BP,GO:0019222,regulation of metabolic process,0.0020786219188793542,True,"""Any process that modulates the frequency, rate or extent of the chemical reactions and pathways within a cell or an organism."" [GOC:go_curators]",6848,174,73,26963,0.41954022988505746,0.010660046728971962,query_1,"['GO:0008152', 'GO:0050794']","['Prkcz', 'Prnp', 'Gm3854', 'Has2', 'Samd11', 'Fto', 'Arid1b', 'Tmem119', 'Comp', 'Bst1', 'H2-Q10', 'Zc3h6', 'Nfam1', 'Irf9', 'Banp', 'Zfp276', 'Birc5', 'Krba1', 'Glyr1', 'Cd27', 'Zscan2', 'Abca7', 'Il16', 'Ccnt1', 'Trim11', 'Elavl1', 'Hras', 'Gatad2b', 'Naf1', 'Actr3', 'Shc4', 'Sos1', 'Gata3', 'Tada2b', 'Rasl11a', 'Smg9', 'Hilpda', 'Rnf128', 'Zfp937', 'Zbtb21', 'Klf16', 'Raf1', 'Ndufs4', 'Fbxl2', 'Arid1a', 'Tnip2', 'Foxo1', 'Ahr', 'Eprs', 'Prkci', 'Arpp19', 'Zbtb33', 'Foxg1', 'Rdh16', 'Prom2', 'Rbbp5', 'Eif2s1', 'Malsu1', 'Gprc5b', 'Wdfy2', 'Ripk3', 'Dscc1', 'Ildr1', 'Mmp12', 'Dusp10', 'Rnft1', 'Ssxb2', 'Fkbp6', 'Fgf8', 'Hpx', 'Cenpf', 'Dcun1d3', 'Akt1']","[['IMP', 'ISS', 'ISO', 'IEA'], ['IMP', 'IGI', 'ISO', 'IEA'], ['IBA', 'IEA'], ['ISO', 'IEA'], ['IDA', 'IBA'], ['ISS', 'ISO', 'IEA'], ['NAS'], ['IDA', 'IMP'], ['IMP'], ['IEA'], ['ISO'], ['IEA'], ['ISS', 'IEA'], ['ISO', 'IBA', 'IEA'], ['IMP', 'IBA'], ['IBA'], ['ISS', 'ISO', 'IBA', 'NAS'], ['IEA'], ['ISO', 'IEA'], ['NAS'], ['IBA', 'IEA'], ['IDA', 'IMP', 'ISO', 'IEA'], ['ISO', 'IEA'], ['ISS', 'ISO', 'IBA', 'IEA'], ['IDA', 'IBA'], ['IDA', 'IMP', 'ISS', 'ISO', 'IEA'], ['IDA', 'IMP', 'ISO', 'IEA'], ['IBA', 'NAS', 'IEA'], ['IEA'], ['ISS', 'ISO', 'IEA'], ['IMP'], ['ISO', 'IEA'], ['IDA', 'IMP', 'IGI', 'ISS', 'ISO', 'IBA', 'IEA'], ['IBA', 'NAS', 'IEA'], ['IDA'], ['ISS', 'ISO', 'IBA', 'IEA'], ['ISS', 'ISO', 'IEA'], ['IDA'], ['IBA', 'IEA'], ['ISO', 'IBA', 'IEA'], ['IDA', 'IBA'], ['IMP', 'ISO', 'IEA'], ['IEA'], ['ISS', 'ISO', 'IEA'], ['IDA', 'IMP', 'ISS', 'ISO', 'IBA', 'NAS', 'IEA'], ['ISS', 'ISO', 'IBA', 'IEA'], ['IDA', 'IMP', 'IGI', 'ISS', 'ISO', 'IBA', 'IEA'], ['IEA'], ['IDA', 'ISO', 'IEA'], ['ISS'], ['ISO'], ['ISS', 'ISO', 'IBA', 'IEA'], ['IDA', 'IMP', 'ISO', 'IBA', 'IEA'], ['ISO'], ['ISO', 'IEA'], ['ISO', 'IEA'], ['IDA', 'ISO', 'IEA'], ['ISO', 'IBA', 'IEA'], ['IMP'], ['ISS', 'ISO', 'IBA', 'IEA'], ['IMP', 'IGI', 'ISS'], ['ISS', 'ISO', 'IEA'], ['IMP'], ['IMP', 'ISO', 'IEA'], ['IMP'], ['ISS', 'ISO', 'IBA', 'IEA'], ['IEA'], ['IMP', 'IBA', 'IEA'], ['IDA', 'IMP', 'IGI', 'IBA'], ['IMP'], ['ISO', 'IEA'], ['ISS', 'ISO', 'IEA'], ['IDA', 'IMP', 'IGI', 'ISS', 'ISO', 'IEA']]",6.176050143845175,0.010660046728971962
15,GO:BP,GO:0043412,macromolecule modification,0.0020993959328228684,True,"""The covalent alteration of one or more monomeric units in a polypeptide, polynucleotide, polysaccharide, or other biological macromolecule, resulting in a change in its properties."" [GOC:go_curators]",2821,174,40,26963,0.22988505747126436,0.014179369018078695,query_1,['GO:0043170'],"['Prkcz', 'Prnp', 'Glt28d2', 'Asb14', 'Pmm2', 'Tmem119', 'Bst1', 'Gmppb', 'Extl1', 'Naa30', 'Birc5', 'Abca7', 'Ppic', 'Trim11', 'Hras', 'Naf1', 'Rnf128', 'Raf1', 'Ndufs4', 'Fbxl2', 'Rnf149', 'Prkci', 'Cul9', 'Prom2', 'Usp17lc', 'Gprc5b', 'Wdfy2', 'Ripk3', 'Dscc1', 'F13a1', 'Dusp10', 'Klhdc2', 'Fut7', 'Kctd6', 'Rnft1', 'Fgf8', 'Hpx', 'Dcun1d3', 'Tgs1', 'Akt1']","[['ISO', 'IEA'], ['IMP', 'IGI', 'ISO', 'IEA'], ['IEA'], ['IEA'], ['IBA'], ['IDA'], ['IEA'], ['IBA'], ['IEA'], ['IEA'], ['ISS', 'IBA', 'NAS'], ['IDA'], ['IDA', 'IEA'], ['ISO', 'IBA', 'IEA'], ['ISO', 'IEA'], ['IEA'], ['IEA'], ['IMP', 'ISO', 'IEA'], ['IEA'], ['IMP', 'IGI', 'ISS', 'ISO', 'IEA'], ['IEA'], ['IDA', 'IEA'], ['IEA'], ['ISO', 'IEA'], ['IEA'], ['IMP'], ['ISS', 'ISO', 'IBA', 'IEA'], ['ISS', 'IEA'], ['ISS'], ['ISS', 'IEA'], ['IDA', 'IEA'], ['IEA'], ['ISS', 'ISO', 'IEA'], ['IEA'], ['ISS', 'ISO', 'IEA'], ['IMP', 'IBA'], ['IMP'], ['ISS', 'ISO', 'IBA', 'IEA'], ['ISO', 'IBA', 'IEA'], ['IDA', 'ISO', 'IEA']]",6.166105626668984,0.014179369018078695
16,GO:BP,GO:0050863,regulation of T cell activation,0.0021252672842417865,True,"""Any process that modulates the frequency, rate or extent of T cell activation."" [GOC:ai]",382,174,13,26963,0.07471264367816093,0.034031413612565446,query_1,"['GO:0042110', 'GO:0051249']","['Prkcz', 'Prnp', 'Lgals1', 'Arid1b', 'H2-Q10', 'Lat', 'Cd27', 'Sos1', 'Gata3', 'Arid1a', 'Ripk3', 'Cd5', 'Dusp10']","[['IMP'], ['IMP'], ['IDA'], ['NAS'], ['ISO'], ['ISS', 'ISO', 'IBA', 'IEA'], ['NAS', 'IEA'], ['IGI'], ['IDA', 'IMP'], ['NAS'], ['IGI'], ['IDA', 'IBA'], ['ISO', 'IEA']]",6.153857703695837,0.034031413612565446
17,KEGG,KEGG:05214,Glioma,0.0029653817112972407,True,Glioma,74,79,6,9330,0.0759493670886076,0.08108108108108109,query_1,['KEGG:00000'],"['Hras', 'Shc4', 'Sos1', 'Raf1', 'Gadd45b', 'Akt1']","[['KEGG'], ['KEGG'], ['KEGG'], ['KEGG'], ['KEGG'], ['KEGG']]",5.82074951576389,0.08108108108108109
18,WP,WP:WP373,IL 3 signaling pathway,0.0030007461877630194,True,IL 3 signaling pathway,99,48,7,4532,0.14583333333333334,0.0707070707070707,query_1,['WP:000000'],"['Birc5', 'Pxn', 'Hras', 'Sos1', 'Raf1', 'Foxo1', 'Akt1']","[['WP'], ['WP'], ['WP'], ['WP'], ['WP'], ['WP'], ['WP']]",5.80889429198768,0.0707070707070707
19,WP,WP:WP6,Integrin mediated cell adhesion,0.003200891354047416,True,Integrin mediated cell adhesion,100,48,7,4532,0.14583333333333334,0.07,query_1,['WP:000000'],"['Itgb7', 'Itga7', 'Pxn', 'Hras', 'Sos1', 'Raf1', 'Akt1']","[['WP'], ['WP'], ['WP'], ['WP'], ['WP'], ['WP'], ['WP']]",5.7443259598239695,0.07
20,KEGG,KEGG:05220,Chronic myeloid leukemia,0.003452883169762889,True,Chronic myeloid leukemia,76,79,6,9330,0.0759493670886076,0.07894736842105263,query_1,['KEGG:00000'],"['Hras', 'Shc4', 'Sos1', 'Raf1', 'Gadd45b', 'Akt1']","[['KEGG'], ['KEGG'], ['KEGG'], ['KEGG'], ['KEGG'], ['KEGG']]",5.668545695562291,0.07894736842105263
21,GO:BP,GO:1903039,positive regulation of leukocyte cell-cell adhesion,0.003617297322892567,True,"""Any process that activates or increases the frequency, rate or extent of leukocyte cell-cell adhesion."" [GO_REF:0000058, GOC:BHF, GOC:rl, GOC:TermGenie, PMID:21106532]",280,174,11,26963,0.06321839080459771,0.039285714285714285,query_1,"['GO:0007159', 'GO:0022409', 'GO:1903037']","['Prkcz', 'Has2', 'Lgals1', 'Arid1b', 'H2-Q10', 'Cd27', 'Gata3', 'Arid1a', 'Cd5', 'Dusp10', 'Fut7']","[['IMP'], ['ISO', 'IEA'], ['IDA'], ['NAS'], ['ISO'], ['NAS', 'IEA'], ['IDA'], ['NAS'], ['IDA', 'IBA'], ['ISO', 'IEA'], ['IMP', 'ISS', 'ISO', 'IEA']]",5.622028127871993,0.039285714285714285
22,GO:BP,GO:0036211,protein modification process,0.0036607402382286243,True,"""The covalent alteration of one or more amino acids occurring in proteins, peptides and nascent polypeptides (co-translational, post-translational modifications). Includes the modification of charged tRNAs that are destined to occur in a protein (pre-translation modification)."" [GOC:bf, GOC:jl]",2666,174,38,26963,0.21839080459770116,0.014253563390847712,query_1,"['GO:0019538', 'GO:0043412']","['Prkcz', 'Prnp', 'Glt28d2', 'Asb14', 'Pmm2', 'Tmem119', 'Bst1', 'Gmppb', 'Extl1', 'Naa30', 'Birc5', 'Abca7', 'Ppic', 'Trim11', 'Hras', 'Rnf128', 'Raf1', 'Ndufs4', 'Fbxl2', 'Rnf149', 'Prkci', 'Cul9', 'Prom2', 'Usp17lc', 'Gprc5b', 'Wdfy2', 'Ripk3', 'Dscc1', 'F13a1', 'Dusp10', 'Klhdc2', 'Fut7', 'Kctd6', 'Rnft1', 'Fgf8', 'Hpx', 'Dcun1d3', 'Akt1']","[['ISO', 'IEA'], ['IMP', 'IGI', 'ISO', 'IEA'], ['IEA'], ['IEA'], ['IBA'], ['IDA'], ['IEA'], ['IBA'], ['IEA'], ['IEA'], ['ISS', 'IBA', 'NAS'], ['IDA'], ['IDA', 'IEA'], ['ISO', 'IBA', 'IEA'], ['ISO', 'IEA'], ['IEA'], ['IMP', 'ISO', 'IEA'], ['IEA'], ['IMP', 'IGI', 'ISS', 'ISO', 'IEA'], ['IEA'], ['IDA', 'IEA'], ['IEA'], ['ISO', 'IEA'], ['IEA'], ['IMP'], ['ISS', 'ISO', 'IBA', 'IEA'], ['ISS', 'IEA'], ['ISS'], ['ISS', 'IEA'], ['IDA', 'IEA'], ['IEA'], ['ISS', 'ISO', 'IEA'], ['IEA'], ['ISS', 'ISO', 'IEA'], ['IMP', 'IBA'], ['IMP'], ['ISS', 'ISO', 'IBA', 'IEA'], ['IDA', 'ISO', 'IEA']]",5.610089901136677,0.014253563390847712
23,GO:BP,GO:0071375,cellular response to peptide hormone stimulus,0.003665862711898689,True,"""Any process that results in a change in state or activity of a cell (in terms of movement, secretion, enzyme production, gene expression, etc.) as a result of a peptide hormone stimulus. A peptide hormone is any of a class of peptides that are secreted into the blood stream and have endocrine functions in living animals."" [GOC:mah]",339,174,12,26963,0.06896551724137931,0.035398230088495575,query_1,"['GO:0032870', 'GO:0043434', 'GO:1901699', 'GO:1901701']","['Prkcz', 'Arid1b', 'Cyp11a1', 'Pxn', 'Hras', 'Sos1', 'Raf1', 'Foxo1', 'Eprs', 'Prkci', 'Fut7', 'Akt1']","[['ISS', 'ISO', 'IEA'], ['IEA'], ['IBA'], ['ISO'], ['IDA'], ['IDA'], ['IDA'], ['IDA', 'IMP', 'IGI', 'IBA'], ['IMP'], ['IMP', 'ISO', 'IEA'], ['ISS', 'ISO', 'IEA'], ['IDA', 'IMP', 'ISS', 'ISO', 'IEA']]",5.6086915792842165,0.035398230088495575
24,WP,WP:WP297,IL 7 signaling pathway,0.003797614008035321,True,IL 7 signaling pathway,44,48,5,4532,0.10416666666666667,0.11363636363636363,query_1,['WP:000000'],"['Hras', 'Sos1', 'Raf1', 'Foxo1', 'Akt1']","[['WP'], ['WP'], ['WP'], ['WP'], ['WP']]",5.5733823020792075,0.11363636363636363
25,KEGG,KEGG:04510,Focal adhesion,0.004038977009708089,True,Focal adhesion,202,79,9,9330,0.11392405063291139,0.04455445544554455,query_1,['KEGG:00000'],"['Comp', 'Itgb7', 'Itga7', 'Pxn', 'Hras', 'Shc4', 'Sos1', 'Raf1', 'Akt1']","[['KEGG'], ['KEGG'], ['KEGG'], ['KEGG'], ['KEGG'], ['KEGG'], ['KEGG'], ['KEGG'], ['KEGG']]",5.511763834492305,0.04455445544554455
26,KEGG,KEGG:01521,EGFR tyrosine kinase inhibitor resistance,0.004302712558766256,True,EGFR tyrosine kinase inhibitor resistance,79,79,6,9330,0.0759493670886076,0.0759493670886076,query_1,['KEGG:00000'],"['Hras', 'Shc4', 'Sos1', 'Nrg2', 'Raf1', 'Akt1']","[['KEGG'], ['KEGG'], ['KEGG'], ['KEGG'], ['KEGG'], ['KEGG']]",5.448509627550665,0.0759493670886076
27,GO:BP,GO:0009987,cellular process,0.004465092142850199,True,"""Any process that is carried out at the cellular level, but not necessarily restricted to a single cell. For example, cell communication occurs among more than one cell, but occurs at the cellular level."" [GOC:go_curators, GOC:isa_complete]",21509,174,161,26963,0.9252873563218391,0.00748523873727277,query_1,['GO:0008150'],"['Prkcz', 'Prnp', 'Gm3854', 'Dhrs7', 'Copg2', 'Glt28d2', 'Has2', 'Samd11', 'Fto', 'Asb14', 'Pmm2', 'Gpr157', 'Lgals1', 'Pnp', 'Arid1b', 'Tmem119', 'Calcrl', 'Comp', 'Nuf2', 'Eif1a', 'Srgap1', 'Slc7a15', 'Bst1', 'H2-Q10', 'Lyrm2', 'Iqub', 'Gm45140', 'Thap4', 'Katnal1', 'Itgb7', 'Gmppb', 'Ankrd27', 'Gnb1l', 'Zc3h6', 'Extl1', 'Naa30', 'Cyp11a1', 'Mtrf1', 'Nfam1', 'Irf9', 'Banp', 'Lat', 'Bahcc1', 'Lin7c', 'Zfp276', 'Agpat4', 'Itga7', 'Birc5', 'Hrh2', 'Rsrc1', 'Krba1', 'Zfp385b', 'Glyr1', 'Cd27', 'Zscan2', 'Dhx16', 'Abca7', 'Ppic', 'Pigb', 'Il16', 'Ccnt1', 'Clrn1', 'Trim11', 'Trhr', 'Gemin4', 'Slc2a5', 'Arhgef15', 'Pxn', 'Slc36a4', 'Elavl1', 'Hras', 'Scd3', 'Gatad2b', 'Naf1', 'Spcs3', 'Sec61b', 'Igf2r', 'Actr3', 'Shc4', 'Sos1', 'Amd2', 'Slco2a1', 'Wdr83', 'Slc23a4', 'Gata3', 'Srek1ip1', 'Tada2b', 'Rasl11a', 'Smg9', 'Mobp', 'Hilpda', 'Rnf128', 'Zfp937', 'Zbtb21', 'Klf16', 'Nrg2', 'Raf1', 'Ap1b1', 'Clcc1', 'Pigm', 'Ccdc93', 'Veph1', 'Trappc6b', 'Ndufs4', 'Fbxl2', 'Arid1a', 'Tnip2', 'Rnf149', 'Cnnm4', 'Nexn', 'Foxo1', 'Ahr', 'Eprs', 'Ipmk', 'Iqcg', 'Prkci', 'Arpp19', 'Zbtb33', 'Msmo1', 'Foxg1', 'Rdh16', 'Cul9', 'Prom2', 'Usp17lc', 'Rbbp5', 'Eif2s1', 'Malsu1', 'Gprc5b', 'Wdfy2', 'Thoc7', 'Scg3', 'Vmn2r10', 'Ripk3', 'Card6', 'Dlk1', 'Gstm2', 'M1ap', 'Pira2', 'Slc5a10', 'Odf4', 'Dscc1', 'Ildr1', 'F13a1', 'Cd5', 'Mmp12', 'Dusp10', 'Klhdc2', 'Psmb8', 'Fut7', 'Gadd45b', 'Atl2', 'Kctd6', 'Rnft1', 'Ssxb2', 'Fkbp6', 'Fgf8', 'Hpx', 'Cenpf', 'Dcun1d3', 'Tgs1', 'Akt1']","[['IMP', 'IGI', 'ISS', 'ISO', 'IBA', 'IEA'], ['IDA', 'IMP', 'IGI', 'ISO', 'TAS', 'IEA'], ['IBA', 'IEA'], ['IEA'], ['ISO', 'IBA', 'IEA'], ['IEA'], ['IDA', 'IMP', 'ISS', 'ISO', 'IBA', 'IEA'], ['IDA', 'IMP', 'IBA'], ['IDA', 'IMP', 'ISS', 'ISO', 'IEA'], ['IEA'], ['IBA', 'IEA'], ['IMP', 'IBA', 'IEA'], ['IDA', 'ISO', 'NAS', 'IEA'], ['IEA'], ['NAS', 'IEA'], ['IDA', 'IMP', 'ISO', 'IBA', 'IEA'], ['IMP', 'ISO', 'IBA', 'TAS', 'NAS', 'IEA'], ['IDA', 'IMP', 'IGI', 'ISO', 'IEA'], ['ISO', 'IBA', 'NAS', 'IEA'], ['IBA', 'IEA'], ['IDA', 'IBA', 'IEA'], ['IBA', 'IEA'], ['IEA'], ['ISO', 'IBA'], ['ISS', 'ISO', 'IEA'], ['IMP', 'ISO', 'IBA', 'IC', 'IEA'], ['IEA'], ['ISS', 'ISO', 'IEA'], ['IDA', 'ISO', 'IBA', 'IEA'], ['IMP', 'ISO', 'IBA', 'IEA'], ['ISS', 'IBA', 'IEA'], ['IDA', 'IMP', 'ISO', 'IBA', 'IEA'], ['ISS', 'IEA'], ['IEA'], ['ISS', 'ISO', 'IEA'], ['IEA'], ['IDA', 'ISS', 'ISO', 'IBA', 'IEA'], ['ISS', 'ISO', 'IBA', 'IEA'], ['IDA', 'IMP', 'ISS', 'ISO', 'IBA', 'IEA'], ['ISO', 'IBA', 'IEA'], ['IMP', 'IBA', 'IEA'], ['IMP', 'ISS', 'ISO', 'IBA', 'TAS', 'IEA'], ['IMP'], ['IGI', 'IBA', 'IEA'], ['IBA'], ['IDA', 'IMP', 'IEA'], ['IEA'], ['IDA', 'IMP', 'ISS', 'ISO', 'IBA', 'RCA', 'NAS', 'IEA'], ['IMP', 'IBA', 'IEA'], ['IDA', 'ISO', 'IBA', 'IEA'], ['IEA'], ['ISS', 'ISO', 'IEA'], ['ISO', 'IEA'], ['IDA', 'IPI', 'ISS', 'ISO', 'IBA', 'NAS', 'IEA'], ['IBA', 'IEA'], ['ISO', 'IEA'], ['IDA', 'IMP', 'ISS', 'ISO', 'IEA'], ['IDA', 'IBA', 'IEA'], ['ISS', 'ISO', 'IBA', 'IEA'], ['IDA', 'ISO', 'IBA', 'IEA'], ['ISS', 'ISO', 'IBA', 'IEA'], ['IMP', 'ISO', 'IEA'], ['IDA', 'IMP', 'ISS', 'ISO', 'IBA', 'IEA'], ['ISO', 'IBA', 'IEA'], ['ISO', 'IBA', 'IEA'], ['IDA', 'IMP', 'ISO', 'IBA', 'IEA'], ['IDA', 'IMP', 'ISS', 'ISO'], ['IDA', 'IMP', 'ISO', 'IBA', 'TAS', 'IEA'], ['IEA'], ['IDA', 'IMP', 'ISS', 'ISO', 'IEA'], ['IDA', 'IPI', 'IMP', 'IGI', 'ISO', 'IBA', 'TAS', 'IEA'], ['IDA', 'IGI', 'ISO', 'IBA', 'IEA'], ['ISO', 'IBA', 'NAS', 'IEA'], ['IEA'], ['ISO', 'IBA', 'IEA'], ['ISO', 'IBA', 'IEA'], ['ISO', 'IBA', 'IEA'], ['IGI', 'ISS', 'ISO', 'IBA', 'IEA'], ['IMP', 'IBA', 'IEA'], ['IDA', 'IMP', 'IGI', 'ISO', 'IBA', 'TAS', 'IEA'], ['ISO', 'IBA', 'IEA'], ['IEA'], ['IMP', 'ISO', 'IBA', 'IEA'], ['IEA'], ['IDA', 'IMP', 'IGI', 'ISS', 'ISO', 'IBA', 'IEA'], ['IEA'], ['IBA', 'NAS', 'IEA'], ['IDA'], ['ISS', 'ISO', 'IBA', 'IEA'], ['IEA'], ['ISS', 'ISO', 'IBA', 'IEA'], ['IDA', 'IBA', 'IEA'], ['IBA', 'IEA'], ['ISO', 'IBA', 'IEA'], ['IDA', 'IBA'], ['IEA'], ['IDA', 'IMP', 'IGI', 'ISO', 'IBA', 'TAS', 'IEA'], ['ISO', 'IBA', 'TAS', 'NAS', 'IEA'], ['IEA'], ['ISO', 'IBA', 'IEA'], ['ISS', 'ISO', 'IBA', 'IEA'], ['ISS', 'ISO', 'IBA', 'IEA'], ['IBA', 'NAS', 'IEA'], ['IEA'], ['IDA', 'IMP', 'IGI', 'ISS', 'ISO', 'IBA', 'IEA'], ['IDA', 'IPI', 'IMP', 'ISS', 'ISO', 'IBA', 'NAS', 'IEA'], ['IDA', 'IMP', 'ISS', 'ISO', 'IBA', 'IEA'], ['IDA', 'IBA', 'IEA'], ['IEA'], ['ISS', 'ISO', 'IBA', 'IEA'], ['IDA', 'IMP', 'IGI', 'ISS', 'ISO', 'IBA', 'IEA'], ['IEA'], ['IDA', 'IMP', 'ISS', 'ISO', 'IBA', 'IEA'], ['IMP', 'ISS', 'ISO', 'IBA', 'IEA'], ['IMP', 'IBA', 'IEA'], ['IDA', 'IMP', 'ISS', 'ISO', 'IBA', 'IEA'], ['ISS', 'ISO', 'IEA'], ['ISS', 'ISO', 'ISA', 'IBA', 'IEA'], ['IBA', 'IEA'], ['IDA', 'IMP', 'IGI', 'ISO', 'IBA', 'IEA'], ['IDA', 'ISO', 'IBA', 'IEA'], ['IEA'], ['ISO', 'IEA'], ['IBA', 'IEA'], ['ISO', 'IEA'], ['IDA', 'IMP', 'ISS', 'ISO', 'IBA', 'IEA'], ['ISS', 'ISO', 'IBA', 'IEA'], ['IDA', 'IMP', 'IEA'], ['IMP', 'ISS', 'ISO', 'IBA', 'IEA'], ['ISO', 'IBA', 'IEA'], ['IDA', 'IBA'], ['IEA'], ['IDA', 'IMP', 'IGI', 'ISS', 'ISO', 'IBA', 'IEA'], ['ISA', 'IEA'], ['IEA'], ['ISS', 'ISO', 'IEA'], ['IMP', 'IBA', 'NAS', 'IEA'], ['ISO', 'IBA', 'IEA'], ['IEA'], ['IEA'], ['ISS', 'ISO', 'IBA', 'IEA'], ['IDA', 'IMP', 'IEA'], ['IMP', 'ISS', 'ISO', 'IBA', 'IEA'], ['IDA', 'IBA'], ['IMP', 'ISO', 'IBA', 'IEA'], ['IDA', 'IMP', 'ISO', 'IEA'], ['ISS', 'ISO', 'IEA'], ['IMP', 'ISO', 'IBA', 'IEA'], ['IMP', 'ISS', 'ISO', 'IBA', 'IEA'], ['IDA', 'ISO', 'IBA', 'IEA'], ['ISS', 'ISO', 'IBA', 'IEA'], ['ISO', 'IBA', 'IEA'], ['ISS', 'ISO', 'IBA', 'IEA'], ['IEA'], ['IMP', 'IBA', 'IEA'], ['IDA', 'IMP', 'IGI', 'ISO', 'IBA', 'TAS', 'IEA'], ['IMP', 'IBA'], ['ISO', 'IBA', 'IEA'], ['ISS', 'ISO', 'IBA', 'IEA'], ['ISO', 'IBA', 'IEA'], ['IDA', 'IMP', 'IGI', 'ISS', 'ISO', 'IBA', 'TAS', 'IEA']]",5.411465428170035,0.00748523873727277
28,GO:CC,GO:0005622,intracellular anatomical structure,0.005477492178930079,True,"""A component of a cell contained within (but not including) the plasma membrane. In eukaryotes it includes the nucleus and cytoplasm."" [ISBN:0198506732]",17520,173,137,27195,0.791907514450867,0.007819634703196347,query_1,['GO:0110165'],"['Prkcz', 'Prnp', 'Dhrs7', 'Vwa3b', 'Copg2', 'Has2', 'Samd11', 'Fto', 'Pmm2', 'Lgals1', 'Arid1b', 'Tmem119', 'Calcrl', 'Nuf2', 'Eif1a', 'Srgap1', 'H2-Q10', 'Harbi1', 'Lyrm2', 'Iqub', 'Gm45140', 'Urb1', 'Thap4', 'Katnal1', 'Gmppb', 'Ankrd27', 'Gnb1l', 'Zc3h6', 'Extl1', 'Naa30', 'Cyp11a1', 'Mtrf1', 'Irf9', 'Banp', 'Lat', 'Lin7c', 'Zfp276', 'Agpat4', 'Birc5', 'Rsrc1', 'Zfp385b', 'Glyr1', 'Zscan2', 'Dhx16', 'Abca7', 'Ppic', 'Pigb', 'Il16', 'Ccnt1', 'Clrn1', 'Trim11', 'Gemin4', 'Arhgef15', 'Pxn', 'Elavl1', 'Hras', 'Scd3', 'Gatad2b', 'Naf1', 'Spcs3', 'Sec61b', 'Igf2r', 'Actr3', 'Sos1', 'Amd2', 'Slco2a1', 'Wdr83', 'Rsbn1l', 'Arglu1', 'Gata3', 'Tada2b', 'Rasl11a', 'Mobp', 'Hilpda', 'Rnf128', 'Zfp937', 'Zbtb21', 'Klf16', 'Raf1', 'Ap1b1', 'Clcc1', 'Pigm', 'Ccdc93', 'Trappc6b', 'Ndufs4', 'Spata2l', 'Arid1a', 'Tnip2', 'Rnf149', 'Nexn', 'Foxo1', 'Tmx4', 'Ahr', 'Eprs', 'Ipmk', 'Iqcg', 'Prkci', 'Arpp19', 'Zbtb33', 'Msmo1', 'Foxg1', 'Rdh16', 'Cul9', 'Prom2', 'Usp17lc', 'Rbbp5', 'Eif2s1', 'Malsu1', 'Gprc5b', 'Wdfy2', 'Thoc7', 'Scg3', 'Ripk3', 'Card6', 'Gstm2', 'M1ap', 'Odf4', 'Dscc1', 'Ildr1', 'F13a1', 'Mmp12', 'Dusp10', 'Klhdc2', 'Psmb8', 'Gm4847', 'Fut7', 'Gadd45b', 'Atl2', 'Kctd6', 'Rnft1', 'Ssxb2', 'Fkbp6', 'Fgf8', 'Cenpf', 'Dcun1d3', 'Tgs1', 'Akt1']","[['IDA', 'IGI', 'ISO', 'IEA'], ['IDA', 'ISO', 'IEA'], ['ISS', 'ISO', 'IEA'], ['ISO', 'IEA'], ['IDA', 'ISO', 'IBA', 'IEA'], ['IDA', 'ISS', 'ISO', 'IEA'], ['IDA', 'IBA', 'IEA'], ['IDA', 'ISS', 'ISO', 'IEA'], ['IDA', 'ISO', 'IBA', 'IEA'], ['ISO', 'IEA'], ['NAS', 'IEA'], ['IDA', 'IEA'], ['ISO', 'IEA'], ['ISS', 'ISO', 'IBA', 'NAS', 'IEA'], ['ISO', 'IBA', 'IEA'], ['IBA'], ['ISO', 'TAS', 'IEA'], ['ISO', 'IEA'], ['HDA', 'IBA', 'IEA'], ['IDA', 'IBA', 'IEA'], ['IEA'], ['IEA'], ['ISO', 'IEA'], ['IDA', 'ISS', 'ISO', 'IBA', 'IEA'], ['HDA', 'ISS', 'IBA', 'IEA'], ['IDA', 'ISO', 'IBA', 'IEA'], ['IDA', 'ISS', 'IEA'], ['IBA'], ['IBA', 'IEA'], ['ISS', 'ISO', 'IBA', 'IEA'], ['IDA', 'HDA', 'ISS', 'ISO', 'IBA', 'IEA'], ['HDA', 'ISO', 'IBA', 'IEA'], ['ISO', 'IBA', 'IEA'], ['IDA', 'ISO', 'IEA'], ['IDA', 'ISO', 'IEA'], ['ISO', 'TAS', 'IEA'], ['ISS', 'ISO', 'IBA', 'IEA'], ['IDA', 'IBA', 'IEA'], ['IDA', 'ISS', 'ISO', 'IBA', 'IEA'], ['IDA', 'IBA', 'IEA'], ['ISS', 'ISO', 'IBA', 'IEA'], ['ISS', 'ISO', 'IEA'], ['IBA', 'IEA'], ['ISO', 'IEA'], ['IDA', 'ISO', 'IBA', 'IEA'], ['IBA', 'IEA'], ['IDA', 'ISO', 'IBA', 'IEA'], ['ISO', 'IEA'], ['IDA', 'ISS', 'ISO', 'IBA', 'TAS', 'IEA'], ['IDA'], ['IDA', 'ISO', 'IBA', 'IEA'], ['ISO', 'IBA', 'IEA'], ['ISS', 'ISO'], ['ISO', 'IEA'], ['IDA', 'IPI', 'ISS', 'ISO', 'IEA'], ['ISS', 'ISO', 'IEA'], ['ISO', 'IBA', 'IEA'], ['ISS', 'ISO', 'IBA', 'NAS', 'IEA'], ['IEA'], ['ISO', 'IBA', 'IEA'], ['IDA', 'ISS', 'ISO', 'IBA', 'IEA'], ['IDA', 'ISS', 'ISO', 'IBA', 'IEA'], ['ISS', 'ISO', 'IBA', 'IEA'], ['ISO', 'TAS', 'IEA'], ['IBA'], ['IEA'], ['IDA', 'ISO', 'IBA', 'IEA'], ['IBA', 'IEA'], ['ISO', 'IBA', 'IEA'], ['IDA', 'ISO', 'IEA'], ['IDA', 'ISO', 'IBA', 'NAS', 'IEA'], ['IDA', 'IEA'], ['IDA', 'HDA', 'TAS', 'IEA'], ['ISS', 'ISO', 'IBA', 'IEA'], ['IDA', 'IBA', 'IEA'], ['IBA'], ['ISO', 'IBA', 'IEA'], ['IEA'], ['ISS', 'ISO', 'IBA', 'TAS', 'IEA'], ['ISO', 'TAS', 'NAS', 'IEA'], ['ISO', 'IBA', 'IEA'], ['IBA', 'IEA'], ['ISO', 'IEA'], ['IBA', 'NAS', 'IEA'], ['IEA'], ['IBA'], ['IDA', 'ISS', 'ISO', 'IBA', 'NAS', 'IEA'], ['IDA', 'ISO', 'IEA'], ['IBA'], ['ISS', 'ISO', 'IEA'], ['IDA', 'ISS', 'ISO', 'IBA', 'TAS', 'IEA'], ['IDA', 'ISS', 'ISO', 'IEA'], ['IEA'], ['ISS', 'ISO', 'IEA'], ['ISS', 'ISO', 'IBA', 'IEA'], ['IDA', 'ISO', 'IBA', 'IEA'], ['IDA', 'ISS', 'ISO', 'IEA'], ['IBA', 'IEA'], ['IDA', 'ISO', 'IBA', 'IEA'], ['IBA', 'IEA'], ['IDA', 'IBA', 'TAS', 'IEA'], ['IDA', 'ISO', 'IBA', 'IEA'], ['IEA'], ['ISS', 'ISO'], ['ISO', 'IBA', 'IEA'], ['ISS', 'ISO', 'IBA', 'TAS', 'IEA'], ['IDA', 'ISS', 'ISO', 'IBA', 'TAS', 'IEA'], ['ISS', 'ISO', 'IBA', 'IEA'], ['ISO', 'IBA', 'IEA'], ['IDA', 'ISS', 'ISO', 'IBA', 'IEA'], ['ISS', 'ISO', 'IBA', 'IEA'], ['IDA', 'IBA', 'IEA'], ['IDA', 'ISS', 'ISO', 'IBA', 'IEA'], ['ISA'], ['ISO', 'IEA'], ['IDA', 'IEA'], ['IDA'], ['ISS', 'ISO', 'IBA', 'IEA'], ['ISO', 'IEA'], ['IEA'], ['IDA', 'ISO', 'IEA'], ['ISO', 'IBA', 'IEA'], ['ISS', 'ISO', 'IEA'], ['ISS', 'IBA', 'TAS', 'IEA'], ['IEA'], ['ISO', 'IEA'], ['ISO', 'IBA', 'TAS', 'IEA'], ['ISS', 'ISO', 'IEA'], ['IEA'], ['ISS', 'ISO', 'IBA', 'IEA'], ['IBA', 'IEA'], ['IDA', 'IBA', 'TAS', 'IEA'], ['IBA'], ['IDA', 'ISS', 'ISO', 'IBA', 'IEA'], ['ISS', 'ISO', 'IEA'], ['ISO', 'IBA', 'IEA'], ['IDA', 'ISO', 'TAS', 'IEA']]",5.2071079143496055,0.007819634703196347
29,GO:BP,GO:0002684,positive regulation of immune system process,0.0055020173096046844,True,"""Any process that activates or increases the frequency, rate, or extent of an immune system process."" [GOC:add]",1118,174,22,26963,0.12643678160919541,0.01967799642218247,query_1,"['GO:0002376', 'GO:0002682', 'GO:0048518']","['Prkcz', 'Prnp', 'Lgals1', 'Arid1b', 'H2-Q10', 'Nfam1', 'Lat', 'Cd27', 'Trim11', 'Hras', 'Sos1', 'Gata3', 'Fbxl2', 'Arid1a', 'Tnip2', 'Gprc5b', 'Cd5', 'Mmp12', 'Dusp10', 'Fut7', 'Hpx', 'Akt1']","[['IMP'], ['IMP'], ['IDA'], ['NAS'], ['ISO', 'IBA'], ['IDA', 'IMP', 'IBA', 'IEA'], ['ISO', 'IEA'], ['NAS', 'IEA'], ['ISS', 'ISO', 'IEA'], ['IMP'], ['IGI'], ['IDA', 'IMP'], ['ISS', 'ISO', 'IEA'], ['NAS'], ['IMP', 'IBA'], ['IMP'], ['IDA', 'IBA'], ['IMP'], ['ISO', 'IEA'], ['IMP'], ['IMP'], ['ISO', 'IEA']]",5.202640470427872,0.01967799642218247
30,GO:BP,GO:0050865,regulation of cell activation,0.006006486211197882,True,"""Any process that modulates the frequency, rate or extent of cell activation, the change in the morphology or behavior of a cell resulting from exposure to an activating factor such as a cellular or soluble ligand."" [GOC:ai]",632,174,16,26963,0.09195402298850575,0.02531645569620253,query_1,"['GO:0001775', 'GO:0050794', 'GO:0051239']","['Prkcz', 'Prnp', 'Lgals1', 'Arid1b', 'H2-Q10', 'Nfam1', 'Lat', 'Cd27', 'Sos1', 'Gata3', 'Arid1a', 'Tnip2', 'Ahr', 'Ripk3', 'Cd5', 'Dusp10']","[['IMP'], ['IMP'], ['IDA'], ['NAS'], ['ISO'], ['IDA', 'IEA'], ['ISS', 'ISO', 'IBA', 'IEA'], ['NAS', 'IEA'], ['IGI'], ['IDA', 'IMP'], ['NAS'], ['IMP'], ['IEA'], ['IGI'], ['IDA', 'IBA'], ['ISO', 'IEA']]",5.114915358452215,0.02531645569620253
31,KEGG,KEGG:04012,ErbB signaling pathway,0.006084665263765557,True,ErbB signaling pathway,84,79,6,9330,0.0759493670886076,0.07142857142857142,query_1,['KEGG:00000'],"['Hras', 'Shc4', 'Sos1', 'Nrg2', 'Raf1', 'Akt1']","[['KEGG'], ['KEGG'], ['KEGG'], ['KEGG'], ['KEGG'], ['KEGG']]",5.101983564118934,0.07142857142857142
32,GO:BP,GO:0048522,positive regulation of cellular process,0.0062406754574187775,True,"""Any process that activates or increases the frequency, rate or extent of a cellular process, any of those that are carried out at the cellular level, but are not necessarily restricted to a single cell. For example, cell communication occurs among more than one cell, but occurs at the cellular level."" [GOC:jid]",6243,174,67,26963,0.3850574712643678,0.010732019862245715,query_1,"['GO:0009987', 'GO:0048518', 'GO:0050794']","['Prkcz', 'Prnp', 'Has2', 'Fto', 'Lgals1', 'Arid1b', 'Tmem119', 'Calcrl', 'Comp', 'Bst1', 'H2-Q10', 'Ankrd27', 'Nfam1', 'Irf9', 'Banp', 'Birc5', 'Glyr1', 'Cd27', 'Zscan2', 'Abca7', 'Il16', 'Ccnt1', 'Clrn1', 'Trhr', 'Arhgef15', 'Pxn', 'Elavl1', 'Hras', 'Gatad2b', 'Naf1', 'Igf2r', 'Actr3', 'Shc4', 'Sos1', 'Gata3', 'Tada2b', 'Rasl11a', 'Hilpda', 'Raf1', 'Ndufs4', 'Arid1a', 'Tnip2', 'Foxo1', 'Ahr', 'Eprs', 'Prkci', 'Arpp19', 'Foxg1', 'Rdh16', 'Prom2', 'Rbbp5', 'Eif2s1', 'Gprc5b', 'Wdfy2', 'Ripk3', 'Dscc1', 'Ildr1', 'Cd5', 'Mmp12', 'Dusp10', 'Fut7', 'Gadd45b', 'Rnft1', 'Fgf8', 'Hpx', 'Dcun1d3', 'Akt1']","[['IMP', 'ISS', 'ISO', 'IEA'], ['IMP', 'IGI', 'ISO', 'IEA'], ['ISO', 'IEA'], ['ISS', 'ISO', 'IEA'], ['IDA', 'ISO', 'IEA'], ['NAS'], ['IDA', 'IMP', 'ISO', 'IBA', 'IEA'], ['IMP'], ['IMP'], ['IEA'], ['ISO', 'IBA'], ['IMP', 'ISO', 'IEA'], ['IMP', 'IEA'], ['ISO', 'IEA'], ['IMP'], ['ISS', 'ISO', 'IBA', 'NAS'], ['ISO', 'IEA'], ['IDA', 'NAS', 'IEA'], ['IEA'], ['IMP'], ['ISO', 'IEA'], ['ISS', 'ISO', 'IBA', 'IEA'], ['ISO', 'IEA'], ['ISO'], ['ISS', 'ISO'], ['ISO', 'IEA'], ['IDA', 'IMP', 'ISS', 'ISO', 'IEA'], ['IDA', 'IPI', 'IMP', 'ISO', 'IEA'], ['NAS'], ['IEA'], ['ISO', 'IEA'], ['ISS', 'ISO', 'IEA'], ['IMP'], ['ISO', 'TAS', 'IEA'], ['IDA', 'IMP', 'IGI', 'ISS', 'ISO', 'IBA', 'IEA'], ['NAS', 'IEA'], ['IDA'], ['ISS', 'ISO', 'IEA'], ['IMP', 'ISO', 'IEA'], ['IEA'], ['ISS', 'ISO', 'IBA', 'NAS', 'IEA'], ['IMP', 'ISS', 'ISO', 'IBA', 'IEA'], ['IDA', 'IMP', 'IGI', 'ISS', 'ISO', 'IEA'], ['IEA'], ['IEA'], ['IMP', 'ISS', 'ISO', 'IEA'], ['ISO'], ['IMP', 'IGI'], ['ISO'], ['ISO', 'IEA'], ['ISO', 'IEA'], ['ISO', 'IEA'], ['IDA', 'IMP'], ['IMP', 'ISS', 'ISO', 'IBA', 'IEA'], ['IDA', 'IMP', 'ISS', 'ISO', 'IEA'], ['ISS'], ['IDA'], ['IDA', 'IBA'], ['IMP', 'ISO', 'IEA'], ['ISO', 'IEA'], ['IMP', 'ISS', 'ISO', 'IEA'], ['IDA', 'ISO', 'IEA'], ['ISS', 'ISO', 'IBA', 'IEA'], ['IDA', 'IMP', 'IGI', 'ISO', 'IBA', 'IEA'], ['IMP'], ['ISS', 'ISO', 'IEA'], ['IMP', 'IGI', 'ISS', 'ISO', 'IEA']]",5.076666856077803,0.010732019862245715
33,GO:BP,GO:0002682,regulation of immune system process,0.006271951568429445,True,"""Any process that modulates the frequency, rate, or extent of an immune system process."" [GOC:add]",1590,174,27,26963,0.15517241379310345,0.016981132075471698,query_1,"['GO:0002376', 'GO:0050789']","['Prkcz', 'Prnp', 'Lgals1', 'Arid1b', 'Bst1', 'H2-Q10', 'Nfam1', 'Lat', 'Cd27', 'Trim11', 'Hras', 'Sos1', 'Gata3', 'Fbxl2', 'Arid1a', 'Tnip2', 'Ahr', 'Zbtb33', 'Gprc5b', 'Ripk3', 'Pira2', 'Cd5', 'Mmp12', 'Dusp10', 'Fut7', 'Hpx', 'Akt1']","[['IMP'], ['IMP'], ['IDA'], ['NAS'], ['IEA'], ['ISO', 'IBA'], ['IDA', 'IMP', 'IBA', 'IEA'], ['ISS', 'ISO', 'IBA', 'IEA'], ['NAS', 'IEA'], ['ISS', 'ISO', 'IEA'], ['IMP'], ['IGI'], ['IDA', 'IMP'], ['ISS', 'ISO', 'IEA'], ['NAS'], ['IMP', 'IBA'], ['IEA'], ['IBA'], ['IMP'], ['IGI'], ['ISO'], ['IDA', 'IBA'], ['IMP'], ['IMP', 'ISO', 'IEA'], ['IMP', 'ISO', 'IEA'], ['IMP'], ['ISO', 'IEA']]",5.071667717834149,0.016981132075471698
34,GO:BP,GO:0080090,regulation of primary metabolic process,0.007011695080402935,True,"""Any process that modulates the frequency, rate or extent of the chemical reactions and pathways within a cell or an organism involving those compounds formed as a part of the normal anabolic and catabolic processes. These processes take place in most, if not all, cells of the organism."" [PMID:19211694]",5358,174,60,26963,0.3448275862068966,0.011198208286674132,query_1,"['GO:0019222', 'GO:0044238']","['Prkcz', 'Prnp', 'Gm3854', 'Has2', 'Samd11', 'Fto', 'Arid1b', 'Tmem119', 'Bst1', 'Zc3h6', 'Nfam1', 'Irf9', 'Banp', 'Zfp276', 'Birc5', 'Krba1', 'Zscan2', 'Abca7', 'Ccnt1', 'Trim11', 'Elavl1', 'Hras', 'Gatad2b', 'Naf1', 'Actr3', 'Sos1', 'Gata3', 'Tada2b', 'Rasl11a', 'Zfp937', 'Zbtb21', 'Klf16', 'Raf1', 'Ndufs4', 'Arid1a', 'Tnip2', 'Foxo1', 'Ahr', 'Eprs', 'Prkci', 'Arpp19', 'Zbtb33', 'Foxg1', 'Rdh16', 'Prom2', 'Eif2s1', 'Malsu1', 'Gprc5b', 'Wdfy2', 'Ripk3', 'Dscc1', 'Ildr1', 'Mmp12', 'Rnft1', 'Ssxb2', 'Fgf8', 'Hpx', 'Cenpf', 'Dcun1d3', 'Akt1']","[['ISS', 'ISO', 'IEA'], ['IMP', 'IGI', 'ISO', 'IEA'], ['IBA', 'IEA'], ['ISO', 'IEA'], ['IDA', 'IBA'], ['ISS', 'ISO', 'IEA'], ['NAS'], ['IDA'], ['IEA'], ['IEA'], ['ISS'], ['ISO', 'IBA', 'IEA'], ['IMP', 'IBA'], ['IBA'], ['ISS', 'ISO', 'IBA', 'NAS'], ['IEA'], ['IBA', 'IEA'], ['IDA', 'IMP', 'ISO', 'IEA'], ['ISS', 'ISO', 'IBA', 'IEA'], ['IDA'], ['IDA', 'IMP', 'ISS', 'ISO', 'IEA'], ['ISO', 'IEA'], ['IBA', 'NAS', 'IEA'], ['IEA'], ['ISS', 'ISO', 'IEA'], ['ISO', 'IEA'], ['IDA', 'IMP', 'IGI', 'ISS', 'ISO', 'IBA', 'IEA'], ['IBA', 'NAS', 'IEA'], ['IDA'], ['IBA', 'IEA'], ['ISO', 'IBA', 'IEA'], ['IDA', 'IBA'], ['IMP', 'ISO', 'IEA'], ['IEA'], ['IDA', 'IMP', 'ISS', 'ISO', 'IBA', 'NAS', 'IEA'], ['ISS', 'ISO', 'IBA', 'IEA'], ['IDA', 'IMP', 'IGI', 'ISS', 'ISO', 'IBA', 'IEA'], ['IEA'], ['IDA', 'ISO', 'IEA'], ['ISS'], ['ISO'], ['ISS', 'ISO', 'IBA', 'IEA'], ['IDA', 'ISO', 'IBA', 'IEA'], ['ISO'], ['ISO', 'IEA'], ['IDA', 'ISO', 'IEA'], ['ISO', 'IBA', 'IEA'], ['IMP'], ['ISS', 'ISO', 'IBA', 'IEA'], ['ISS'], ['ISS', 'ISO', 'IEA'], ['IMP'], ['IMP', 'ISO', 'IEA'], ['ISS', 'ISO', 'IBA', 'IEA'], ['IEA'], ['IMP', 'IBA'], ['IMP'], ['ISO', 'IEA'], ['ISS', 'ISO', 'IEA'], ['IMP', 'IGI', 'ISS', 'ISO', 'IEA']]",4.960175798264711,0.011198208286674132
35,GO:CC,GO:0016020,membrane,0.0072992990346770585,True,"""A lipid bilayer along with all the proteins and protein complexes embedded in it and attached to it."" [GOC:dos, GOC:mah, ISBN:0815316194]",10237,173,92,27195,0.5317919075144508,0.008987007912474358,query_1,['GO:0110165'],"['Prkcz', 'Prnp', 'Dhrs7', 'Copg2', 'Has2', 'Fto', 'Gpr157', 'Arid1b', 'Tmem119', 'Calcrl', 'Eif1a', 'Slc7a15', 'Bst1', 'H2-Q10', 'Harbi1', 'Itgb7', 'Ankrd27', 'Extl1', 'Cyp11a1', 'Nfam1', 'Banp', 'Lat', 'Lin7c', 'Agpat4', 'Itga7', 'Cd1d1', 'Birc5', 'Hrh2', 'Cd27', 'Abca7', 'Pigb', 'Il16', 'Clrn1', 'Trhr', 'Slc2a5', 'Pxn', 'Slc36a4', 'Hras', 'Scd3', 'Spcs3', 'Sec61b', 'Igf2r', 'Actr3', 'Shc4', 'Sos1', 'Slco2a1', 'Slc23a4', 'Hilpda', 'Rnf128', 'Nrg2', 'Raf1', 'Ap1b1', 'Clcc1', 'Pigm', 'Veph1', 'Ndufs4', 'Fbxl2', 'Rnf149', 'Cnnm4', 'Nexn', 'Tmx4', 'Eprs', 'Prkci', 'Zbtb33', 'Msmo1', 'Rdh16', 'Prom2', 'Usp17lc', 'Gprc5b', 'Scg3', 'Vmn2r10', 'Dlk1', 'AI467606', 'M1ap', 'Pira2', 'Slc5a10', 'Odf4', 'Ildr1', 'Ankar', 'Cd5', 'Klhdc2', 'Tmem253', 'Gm4847', '9830107B12Rik', 'Fut7', 'Atl2', 'Rnft1', 'Fgf8', 'H2-DMb1', 'Cenpf', 'Dcun1d3', 'Akt1']","[['IDA', 'ISO', 'IEA'], ['IDA', 'IMP', 'ISO', 'TAS', 'IEA'], ['ISS', 'ISO', 'IEA'], ['IDA', 'ISO', 'IBA', 'IEA'], ['IDA', 'ISO', 'IEA'], ['ISO', 'IEA'], ['IDA', 'IBA', 'IEA'], ['IEA'], ['IDA', 'ISO', 'IBA', 'IEA'], ['ISS', 'ISO', 'IBA', 'IEA'], ['IEA'], ['IEA'], ['IEA'], ['ISO', 'IBA', 'TAS', 'IEA'], ['ISO', 'IEA'], ['ISO', 'IBA', 'IEA'], ['ISO', 'IBA', 'IEA'], ['IEA'], ['ISS', 'ISO', 'IBA', 'IEA'], ['IDA', 'ISS', 'ISO', 'IBA', 'IEA'], ['IEA'], ['IDA', 'ISO', 'IBA', 'TAS', 'IEA'], ['ISO', 'IBA', 'TAS', 'IEA'], ['IDA', 'IBA', 'IEA'], ['IEA'], ['IEA'], ['ISO'], ['IEA'], ['IDA', 'IBA', 'IEA'], ['IDA', 'ISS', 'ISO', 'IEA'], ['IDA', 'ISO', 'IBA', 'IEA'], ['ISO', 'IEA'], ['ISO', 'IEA'], ['IEA'], ['IDA', 'ISS', 'ISO', 'IBA', 'IEA'], ['ISO'], ['IEA'], ['ISS', 'ISO', 'IBA', 'TAS', 'IEA'], ['ISO', 'IBA', 'IEA'], ['ISO', 'IBA', 'IEA'], ['ISS', 'ISO', 'IBA', 'IEA'], ['IDA', 'ISO', 'IBA', 'IEA'], ['ISO'], ['IBA', 'IEA'], ['IBA'], ['ISS', 'ISO', 'IC', 'IEA'], ['IEA'], ['IEA'], ['IEA'], ['IEA'], ['ISS', 'ISO', 'TAS', 'IEA'], ['NAS', 'IEA'], ['IEA'], ['IEA'], ['IBA', 'IEA'], ['IEA'], ['ISS', 'ISO', 'IEA'], ['IEA'], ['IDA', 'IBA', 'IEA'], ['ISO', 'IBA', 'IEA'], ['IDA', 'IEA'], ['IDA', 'IEA'], ['IDA', 'IEA'], ['ISO', 'IEA'], ['IBA', 'IEA'], ['IDA', 'ISO', 'IEA'], ['IDA', 'ISS', 'ISO', 'IBA', 'IEA'], ['ISO'], ['IDA', 'ISO', 'IBA', 'IEA'], ['IDA', 'IBA', 'IEA'], ['IEA'], ['IEA'], ['IEA'], ['NAS'], ['ISO', 'IBA'], ['IBA', 'IEA'], ['IBA', 'IEA'], ['IDA', 'ISO', 'IBA', 'IEA'], ['IEA'], ['IDA', 'ISO', 'IBA', 'IEA'], ['ISO', 'IEA'], ['IEA'], ['IEA'], ['IEA'], ['IEA'], ['ISS', 'ISO', 'IEA'], ['IEA'], ['ISO', 'IEA'], ['IEA'], ['ISO', 'IEA'], ['ISS', 'ISO', 'IEA'], ['IDA', 'ISO', 'TAS', 'IEA']]",4.91997695808524,0.008987007912474358
36,KEGG,KEGG:05210,Colorectal cancer,0.007897607286387066,True,Colorectal cancer,88,79,6,9330,0.0759493670886076,0.06818181818181818,query_1,['KEGG:00000'],"['Birc5', 'Hras', 'Sos1', 'Raf1', 'Gadd45b', 'Akt1']","[['KEGG'], ['KEGG'], ['KEGG'], ['KEGG'], ['KEGG'], ['KEGG']]",4.841195440525977,0.06818181818181818
37,GO:BP,GO:0002376,immune system process,0.007998868737565716,True,"""Any process involved in the development or functioning of the immune system, an organismal system for calibrated responses to potential internal or invasive threats."" [GO_REF:0000022, GOC:add]",2866,174,39,26963,0.22413793103448276,0.01360781577110956,query_1,['GO:0008150'],"['Prkcz', 'Prnp', 'Lgals1', 'Arid1b', 'Bst1', 'H2-Q10', 'Itgb7', 'Nfam1', 'Irf9', 'Lat', 'Cd1d1', 'Cd27', 'Dhx16', 'Il16', 'Trim11', 'Hras', 'Actr3', 'Sos1', 'Gata3', 'Raf1', 'Fbxl2', 'Arid1a', 'Tnip2', 'Ahr', 'Eprs', 'Zbtb33', 'Gprc5b', 'Ripk3', 'Pira2', 'Cd5', 'Mmp12', 'Dusp10', 'Psmb8', 'Fut7', 'Atl2', 'Hpx', 'Ighv5-17', 'H2-DMb1', 'Akt1']","[['IMP'], ['IMP'], ['IDA'], ['NAS'], ['IEA'], ['ISO', 'IBA', 'IEA'], ['IMP', 'ISO', 'IEA'], ['IDA', 'IMP', 'IBA', 'IEA'], ['IBA'], ['IMP', 'ISS', 'ISO', 'IBA', 'IEA'], ['IEA'], ['NAS', 'IEA'], ['ISO', 'IEA'], ['IDA', 'IBA'], ['IDA', 'ISS', 'ISO', 'IEA'], ['IMP'], ['IGI'], ['IGI'], ['IDA', 'IMP', 'IGI', 'ISS', 'ISO', 'IBA', 'IEA'], ['IGI'], ['ISS', 'ISO', 'IEA'], ['NAS'], ['IMP', 'IBA'], ['IEA'], ['IDA', 'ISO', 'IEA'], ['IBA'], ['IMP'], ['IGI'], ['ISO'], ['IDA', 'IBA'], ['IMP'], ['IMP', 'ISO', 'IEA'], ['IMP', 'IEA'], ['IMP', 'ISO', 'IEA'], ['IEA'], ['IMP'], ['IBA', 'IEA'], ['IEA'], ['ISO', 'IEA']]",4.828455155105613,0.01360781577110956
38,TF,TF:M01240_1,Factor: BEN; motif: CAGCGRNV; match class: 1,0.00803758720883628,True,Factor: BEN; motif: CAGCGRNV; match class: 1,11974,179,128,21628,0.7150837988826816,0.01068982796058126,query_1,['TF:M01240'],"['Prkcz', 'Prnp', 'Gm3854', 'Dhrs7', 'Vwa3b', 'Copg2', 'Glt28d2', 'Has2', 'Samd11', 'Fto', 'Pmm2', 'Gpr157', 'Lgals1', 'Pnp', 'Arid1b', 'Comp', 'Nuf2', 'Eif1a', 'Srgap1', 'Slc7a15', 'H2-Q10', 'Harbi1', 'Gm45140', 'Urb1', 'Thap4', 'Katnal1', 'Gmppb', 'Gnb1l', 'Zc3h6', 'Extl1', 'Naa30', 'Nfam1', 'Irf9', 'Lat', 'Bahcc1', 'Lin7c', 'Zfp276', 'Agpat4', 'Itga7', 'Cd1d1', 'Birc5', 'Krba1', 'Zfp385b', 'Glyr1', 'Zscan2', 'Dhx16', 'Abca7', 'Ppic', 'Pigb', 'Trim11', 'Gemin4', 'Arhgef15', 'Pxn', 'Krcc1', 'Slc36a4', 'Elavl1', 'Hras', 'Gatad2b', 'Naf1', 'Spcs3', 'Sec61b', 'Igf2r', 'Actr3', 'Shc4', 'Sos1', 'Amd2', 'Slco2a1', 'Wdr83', 'Slc23a4', 'Rsbn1l', 'Arglu1', 'Srek1ip1', 'Tada2b', 'Rasl11a', 'Smg9', 'Rnf128', 'Zbtb21', 'Klf16', 'Nrg2', 'Raf1', 'Ap1b1', 'Pigm', 'Trappc6b', 'Ndufs4', 'Spata2l', 'Fbxl2', 'Arid1a', 'Tnip2', 'Rnf149', 'Cnnm4', 'Nexn', 'Foxo1', 'Tmx4', 'Ahr', 'Eprs', 'Ipmk', 'Arpp19', 'Zbtb33', 'Msmo1', 'Foxg1', 'Cul9', 'Eif2s1', 'Malsu1', 'Wdfy2', 'Scg3', 'Ripk3', 'Dlk1', 'AI467606', 'M1ap', 'Odf4', 'Dscc1', 'Ildr1', 'Dusp10', 'Klhdc2', 'Psmb8', 'Tmem253', 'Gadd45b', 'Atl2', 'Kctd6', 'Rnft1', 'Fkbp6', 'Fgf8', 'Ccdc7a', 'Hpx', 'Cenpf', 'Dcun1d3', 'Tgs1', 'Akt1']","[['TF'], ['TF'], ['TF'], ['TF'], ['TF'], ['TF'], ['TF'], ['TF'], ['TF'], ['TF'], ['TF'], ['TF'], ['TF'], ['TF'], ['TF'], ['TF'], ['TF'], ['TF'], ['TF'], ['TF'], ['TF'], ['TF'], ['TF'], ['TF'], ['TF'], ['TF'], ['TF'], ['TF'], ['TF'], ['TF'], ['TF'], ['TF'], ['TF'], ['TF'], ['TF'], ['TF'], ['TF'], ['TF'], ['TF'], ['TF'], ['TF'], ['TF'], ['TF'], ['TF'], ['TF'], ['TF'], ['TF'], ['TF'], ['TF'], ['TF'], ['TF'], ['TF'], ['TF'], ['TF'], ['TF'], ['TF'], ['TF'], ['TF'], ['TF'], ['TF'], ['TF'], ['TF'], ['TF'], ['TF'], ['TF'], ['TF'], ['TF'], ['TF'], ['TF'], ['TF'], ['TF'], ['TF'], ['TF'], ['TF'], ['TF'], ['TF'], ['TF'], ['TF'], ['TF'], ['TF'], ['TF'], ['TF'], ['TF'], ['TF'], ['TF'], ['TF'], ['TF'], ['TF'], ['TF'], ['TF'], ['TF'], ['TF'], ['TF'], ['TF'], ['TF'], ['TF'], ['TF'], ['TF'], ['TF'], ['TF'], ['TF'], ['TF'], ['TF'], ['TF'], ['TF'], ['TF'], ['TF'], ['TF'], ['TF'], ['TF'], ['TF'], ['TF'], ['TF'], ['TF'], ['TF'], ['TF'], ['TF'], ['TF'], ['TF'], ['TF'], ['TF'], ['TF'], ['TF'], ['TF'], ['TF'], ['TF'], ['TF'], ['TF']]",4.823626339233247,0.01068982796058126
39,GO:BP,GO:0010468,regulation of gene expression,0.00842552860443884,True,"""Any process that modulates the frequency, rate or extent of gene expression. Gene expression is the process in which a gene's coding sequence is converted into a mature gene product (protein or RNA)."" [GOC:txnOH-2018]",5388,174,60,26963,0.3448275862068966,0.011135857461024499,query_1,"['GO:0010467', 'GO:0010556']","['Prkcz', 'Prnp', 'Gm3854', 'Samd11', 'Fto', 'Arid1b', 'Tmem119', 'Comp', 'H2-Q10', 'Zc3h6', 'Nfam1', 'Irf9', 'Banp', 'Zfp276', 'Birc5', 'Krba1', 'Glyr1', 'Cd27', 'Zscan2', 'Il16', 'Ccnt1', 'Trim11', 'Elavl1', 'Hras', 'Gatad2b', 'Naf1', 'Actr3', 'Shc4', 'Sos1', 'Gata3', 'Tada2b', 'Rasl11a', 'Smg9', 'Hilpda', 'Rnf128', 'Zfp937', 'Zbtb21', 'Klf16', 'Raf1', 'Arid1a', 'Tnip2', 'Foxo1', 'Ahr', 'Eprs', 'Prkci', 'Zbtb33', 'Foxg1', 'Rbbp5', 'Eif2s1', 'Malsu1', 'Gprc5b', 'Ripk3', 'Ildr1', 'Mmp12', 'Ssxb2', 'Fkbp6', 'Fgf8', 'Hpx', 'Cenpf', 'Akt1']","[['IMP', 'ISS'], ['IMP'], ['IBA', 'IEA'], ['IDA', 'IBA'], ['ISS', 'ISO', 'IEA'], ['NAS'], ['IDA', 'IMP'], ['IMP'], ['ISO'], ['IEA'], ['ISS', 'IEA'], ['ISO', 'IBA', 'IEA'], ['IMP'], ['IBA'], ['ISS', 'ISO'], ['IEA'], ['ISO', 'IEA'], ['NAS'], ['IBA', 'IEA'], ['ISO', 'IEA'], ['ISS', 'ISO', 'IBA', 'IEA'], ['IDA', 'IBA'], ['IDA', 'IMP', 'ISS', 'ISO', 'IEA'], ['IDA', 'IMP', 'ISO', 'IEA'], ['IBA', 'NAS', 'IEA'], ['IEA'], ['ISS', 'ISO', 'IEA'], ['IMP'], ['ISO', 'IEA'], ['IDA', 'IMP', 'IGI', 'ISS', 'ISO', 'IBA', 'IEA'], ['IBA', 'NAS', 'IEA'], ['IDA'], ['ISS', 'ISO', 'IBA', 'IEA'], ['ISS', 'ISO', 'IEA'], ['IDA'], ['IBA', 'IEA'], ['ISO', 'IBA', 'IEA'], ['IDA', 'IBA'], ['IMP'], ['IDA', 'IMP', 'ISS', 'ISO', 'IBA', 'NAS', 'IEA'], ['ISS', 'ISO', 'IBA', 'IEA'], ['IDA', 'IMP', 'IGI', 'ISS', 'ISO', 'IBA', 'IEA'], ['IEA'], ['IDA', 'ISO', 'IEA'], ['ISS'], ['ISS', 'ISO', 'IBA', 'IEA'], ['IDA', 'IMP', 'ISO', 'IBA', 'IEA'], ['ISO', 'IEA'], ['IDA', 'ISO', 'IEA'], ['ISO', 'IBA', 'IEA'], ['IMP'], ['IGI'], ['IMP'], ['IMP', 'ISO', 'IEA'], ['IEA'], ['IMP', 'IBA', 'IEA'], ['IDA', 'IMP', 'IGI', 'IBA'], ['IMP'], ['ISO', 'IEA'], ['IDA', 'IMP', 'IGI', 'ISO', 'IEA']]",4.776489062345304,0.011135857461024499
40,GO:BP,GO:0019538,protein metabolic process,0.009432482602348597,True,"""The chemical reactions and pathways involving a protein. Includes protein modification."" [GOC:ma]",4653,174,54,26963,0.3103448275862069,0.01160541586073501,query_1,"['GO:0043170', 'GO:0044238']","['Prkcz', 'Prnp', 'Glt28d2', 'Asb14', 'Pmm2', 'Tmem119', 'Comp', 'Eif1a', 'Bst1', 'Gmppb', 'Extl1', 'Naa30', 'Mtrf1', 'Banp', 'Birc5', 'Abca7', 'Ppic', 'Pigb', 'Trim11', 'Elavl1', 'Hras', 'Spcs3', 'Sec61b', 'Rnf128', 'Raf1', 'Pigm', 'Ndufs4', 'Fbxl2', 'Rnf149', 'Foxo1', 'Eprs', 'Prkci', 'Cul9', 'Prom2', 'Usp17lc', 'Eif2s1', 'Malsu1', 'Gprc5b', 'Wdfy2', 'Ripk3', 'Dscc1', 'F13a1', 'Mmp12', 'Dusp10', 'Klhdc2', 'Psmb8', 'Fut7', 'Kctd6', 'Rnft1', 'Fkbp6', 'Fgf8', 'Hpx', 'Dcun1d3', 'Akt1']","[['ISO', 'IEA'], ['IMP', 'IGI', 'ISO', 'IEA'], ['IEA'], ['IEA'], ['IBA'], ['IDA'], ['IMP'], ['IBA', 'IEA'], ['IEA'], ['IBA'], ['ISS', 'ISO', 'IEA'], ['IEA'], ['ISS', 'ISO', 'IBA', 'IEA'], ['IBA'], ['ISS', 'IBA', 'NAS'], ['IDA', 'IMP', 'ISO', 'IEA'], ['IDA', 'IBA', 'IEA'], ['ISO', 'IBA', 'IEA'], ['ISO', 'IBA', 'IEA'], ['IDA', 'IMP', 'ISO', 'IEA'], ['ISO', 'IEA'], ['ISO', 'IBA', 'IEA'], ['ISO', 'IEA'], ['IBA', 'IEA'], ['IMP', 'ISO', 'IEA'], ['ISO', 'IBA', 'IEA'], ['IEA'], ['IDA', 'IMP', 'IGI', 'ISS', 'ISO', 'IBA', 'IEA'], ['IBA', 'IEA'], ['ISS', 'ISO', 'IEA'], ['IDA', 'ISS', 'ISO', 'IBA', 'IEA'], ['IDA', 'IEA'], ['IEA'], ['ISO', 'IEA'], ['IEA'], ['IDA', 'ISO', 'IBA', 'IEA'], ['ISO', 'IBA', 'IEA'], ['IMP'], ['ISS', 'ISO', 'IBA', 'IEA'], ['ISS', 'ISO', 'IEA'], ['ISS'], ['IMP', 'ISS', 'ISO', 'IBA', 'IEA'], ['ISO', 'IEA'], ['IDA', 'IEA'], ['ISS', 'ISO', 'IEA'], ['IBA', 'IEA'], ['ISS', 'ISO', 'IEA'], ['ISO', 'IBA', 'IEA'], ['ISS', 'ISO', 'IBA', 'IEA'], ['IMP'], ['IMP', 'IBA'], ['IMP'], ['ISS', 'ISO', 'IBA', 'IEA'], ['IDA', 'IMP', 'ISO', 'IEA']]",4.663595950564446,0.01160541586073501
41,KEGG,KEGG:04068,FoxO signaling pathway,0.009539247831617524,True,FoxO signaling pathway,131,79,7,9330,0.08860759493670886,0.05343511450381679,query_1,['KEGG:00000'],"['Hras', 'Sos1', 'Raf1', 'Foxo1', 'Foxg1', 'Gadd45b', 'Akt1']","[['KEGG'], ['KEGG'], ['KEGG'], ['KEGG'], ['KEGG'], ['KEGG'], ['KEGG']]",4.652340640276227,0.05343511450381679
42,KEGG,KEGG:05213,Endometrial cancer,0.010280134834661375,True,Endometrial cancer,58,79,5,9330,0.06329113924050633,0.08620689655172414,query_1,['KEGG:00000'],"['Hras', 'Sos1', 'Raf1', 'Gadd45b', 'Akt1']","[['KEGG'], ['KEGG'], ['KEGG'], ['KEGG'], ['KEGG']]",4.577541902828939,0.08620689655172414
43,KEGG,KEGG:04810,Regulation of actin cytoskeleton,0.010978735246343511,True,Regulation of actin cytoskeleton,230,79,9,9330,0.11392405063291139,0.0391304347826087,query_1,['KEGG:00000'],"['Itgb7', 'Itga7', 'Pxn', 'Hras', 'Actr3', 'Sos1', 'Raf1', 'Fgf8', 'Akt1']","[['KEGG'], ['KEGG'], ['KEGG'], ['KEGG'], ['KEGG'], ['KEGG'], ['KEGG'], ['KEGG'], ['KEGG']]",4.511795036571399,0.0391304347826087
44,GO:BP,GO:0051239,regulation of multicellular organismal process,0.012344084273902114,True,"""Any process that modulates the frequency, rate or extent of a multicellular organismal process, the processes pertinent to the function of a multicellular organism above the cellular level; includes the integrated processes of tissues and organs."" [GOC:ai, GOC:dph, GOC:tb]",3145,174,41,26963,0.23563218390804597,0.013036565977742448,query_1,"['GO:0032501', 'GO:0050789']","['Prkcz', 'Prnp', 'Has2', 'Fto', 'Lgals1', 'Arid1b', 'Tmem119', 'Calcrl', 'Comp', 'H2-Q10', 'Ankrd27', 'Nfam1', 'Lat', 'Hrh2', 'Cd27', 'Abca7', 'Il16', 'Trim11', 'Pxn', 'Elavl1', 'Hras', 'Actr3', 'Sos1', 'Gata3', 'Hilpda', 'Rnf128', 'Arid1a', 'Tnip2', 'Foxo1', 'Ahr', 'Prkci', 'Zbtb33', 'Foxg1', 'Gprc5b', 'Ripk3', 'Pira2', 'Cd5', 'Mmp12', 'Dusp10', 'Fgf8', 'Akt1']","[['IMP', 'ISS', 'ISO', 'IEA'], ['IMP'], ['ISO', 'IEA'], ['IMP', 'ISO', 'IEA'], ['IDA'], ['NAS'], ['IMP', 'ISO', 'IBA', 'IEA'], ['ISO'], ['IMP'], ['ISO'], ['IMP'], ['IDA', 'IEA'], ['ISS', 'ISO', 'IBA', 'IEA'], ['IEA'], ['NAS', 'IEA'], ['IMP'], ['ISO', 'IEA'], ['IMP'], ['IMP'], ['IMP'], ['IMP'], ['ISO'], ['IGI'], ['IDA', 'IMP', 'ISS', 'ISO', 'IBA', 'IEA'], ['ISS', 'ISO', 'IEA'], ['IDA'], ['NAS'], ['IMP'], ['ISS', 'ISO', 'IEA'], ['IEA'], ['ISS', 'ISO', 'IEA'], ['IBA'], ['IMP'], ['IMP'], ['IGI'], ['ISO'], ['IDA', 'IBA'], ['IMP'], ['IMP', 'ISO', 'IEA'], ['IMP', 'IGI', 'ISO', 'IEA'], ['IMP', 'ISO']]",4.3945783368300235,0.013036565977742448
45,GO:BP,GO:0022409,positive regulation of cell-cell adhesion,0.01581569684035758,True,"""Any process that activates or increases the rate or extent of cell adhesion to another cell."" [GOC:isa_complete]",327,174,11,26963,0.06321839080459771,0.03363914373088685,query_1,"['GO:0022407', 'GO:0045785', 'GO:0098609']","['Prkcz', 'Has2', 'Lgals1', 'Arid1b', 'H2-Q10', 'Cd27', 'Gata3', 'Arid1a', 'Cd5', 'Dusp10', 'Fut7']","[['IMP'], ['ISO', 'IEA'], ['IDA', 'ISO'], ['NAS'], ['ISO'], ['NAS', 'IEA'], ['IDA'], ['NAS'], ['IDA', 'IBA'], ['ISO', 'IEA'], ['IMP', 'ISS', 'ISO', 'IEA']]",4.146752361206128,0.03363914373088685
46,WP,WP:WP193,Hepatocyte growth factor receptor signaling,0.018007446349038742,True,Hepatocyte growth factor receptor signaling,34,48,4,4532,0.08333333333333333,0.11764705882352941,query_1,['WP:000000'],"['Pxn', 'Hras', 'Sos1', 'Raf1']","[['WP'], ['WP'], ['WP'], ['WP']]",4.01696992057275,0.11764705882352941
47,WP,WP:WP572,EGFR1 signaling pathway,0.018717073929814823,True,EGFR1 signaling pathway,175,48,8,4532,0.16666666666666666,0.045714285714285714,query_1,['WP:000000'],"['Prkcz', 'Pxn', 'Hras', 'Sos1', 'Raf1', 'Foxo1', 'Prkci', 'Akt1']","[['WP'], ['WP'], ['WP'], ['WP'], ['WP'], ['WP'], ['WP'], ['WP']]",3.978319127317941,0.045714285714285714
48,KEGG,KEGG:04664,Fc epsilon RI signaling pathway,0.01901995321115132,True,Fc epsilon RI signaling pathway,66,79,5,9330,0.06329113924050633,0.07575757575757576,query_1,['KEGG:00000'],"['Lat', 'Hras', 'Sos1', 'Raf1', 'Akt1']","[['KEGG'], ['KEGG'], ['KEGG'], ['KEGG'], ['KEGG']]",3.9622666818494476,0.07575757575757576
49,KEGG,KEGG:05224,Breast cancer,0.0195296938736061,True,Breast cancer,147,79,7,9330,0.08860759493670886,0.047619047619047616,query_1,['KEGG:00000'],"['Hras', 'Shc4', 'Sos1', 'Raf1', 'Gadd45b', 'Fgf8', 'Akt1']","[['KEGG'], ['KEGG'], ['KEGG'], ['KEGG'], ['KEGG'], ['KEGG'], ['KEGG']]",3.9358192088909454,0.047619047619047616
50,KEGG,KEGG:05226,Gastric cancer,0.02210998999375577,True,Gastric cancer,150,79,7,9330,0.08860759493670886,0.04666666666666667,query_1,['KEGG:00000'],"['Hras', 'Shc4', 'Sos1', 'Raf1', 'Gadd45b', 'Fgf8', 'Akt1']","[['KEGG'], ['KEGG'], ['KEGG'], ['KEGG'], ['KEGG'], ['KEGG'], ['KEGG']]",3.8117257366793353,0.04666666666666667
51,GO:BP,GO:0035556,intracellular signal transduction,0.0230590514956929,True,"""The process in which a signal is passed on to downstream components within the cell, which become activated themselves to further propagate the signal and finally trigger a change in the function or state of the cell."" [GOC:bf, GOC:jl, GOC:signaling, ISBN:3527303782]",2885,174,38,26963,0.21839080459770116,0.01317157712305026,query_1,['GO:0007165'],"['Prkcz', 'Prnp', 'Asb14', 'Nuf2', 'Srgap1', 'Bst1', 'Gnb1l', 'Nfam1', 'Lat', 'Birc5', 'Zfp385b', 'Cd27', 'Abca7', 'Trim11', 'Pxn', 'Hras', 'Shc4', 'Sos1', 'Wdr83', 'Gata3', 'Raf1', 'Veph1', 'Fbxl2', 'Arid1a', 'Tnip2', 'Rnf149', 'Foxo1', 'Ahr', 'Eprs', 'Prkci', 'Eif2s1', 'Gprc5b', 'Ripk3', 'Card6', 'Dusp10', 'Gadd45b', 'Fgf8', 'Akt1']","[['ISS', 'ISO', 'IBA', 'IEA'], ['IMP'], ['IEA'], ['NAS'], ['IDA'], ['IEA'], ['ISS', 'IEA'], ['ISS', 'ISO'], ['ISS', 'ISO', 'IBA', 'IEA'], ['ISS', 'ISO', 'NAS'], ['ISS', 'ISO'], ['IDA'], ['IMP'], ['ISS', 'ISO', 'IEA'], ['IEA'], ['IDA', 'IMP', 'IGI', 'ISO', 'IBA', 'TAS', 'IEA'], ['IEA'], ['IMP', 'ISO', 'IBA', 'TAS', 'IEA'], ['IMP'], ['IMP', 'ISS', 'ISO', 'IEA'], ['ISO', 'IBA', 'TAS', 'IEA'], ['ISS', 'ISO', 'IEA'], ['ISS', 'ISO', 'IEA'], ['ISS', 'ISO', 'IEA'], ['IDA', 'IMP', 'ISS', 'ISO', 'IBA', 'IEA'], ['IDA'], ['ISO', 'IEA'], ['IEA'], ['IEA'], ['IBA'], ['ISS', 'ISO', 'IEA'], ['IMP'], ['IDA', 'IMP'], ['ISA'], ['IMP', 'ISO', 'IEA'], ['IDA', 'ISO', 'IEA'], ['IMP', 'IGI'], ['IMP', 'IGI', 'ISS', 'ISO', 'IBA', 'IEA']]",3.7696968970039553,0.01317157712305026
52,WP,WP:WP387,IL 6 signaling pathway,0.02412559195297024,True,IL 6 signaling pathway,99,48,6,4532,0.125,0.06060606060606061,query_1,['WP:000000'],"['Pxn', 'Hras', 'Sos1', 'Raf1', 'Foxo1', 'Akt1']","[['WP'], ['WP'], ['WP'], ['WP'], ['WP'], ['WP']]",3.724482095147429,0.06060606060606061
53,KEGG,KEGG:05218,Melanoma,0.028623160802227064,True,Melanoma,72,79,5,9330,0.06329113924050633,0.06944444444444445,query_1,['KEGG:00000'],"['Hras', 'Raf1', 'Gadd45b', 'Fgf8', 'Akt1']","[['KEGG'], ['KEGG'], ['KEGG'], ['KEGG'], ['KEGG']]",3.553539070622529,0.06944444444444445
54,KEGG,KEGG:05223,Non-small cell lung cancer,0.028623160802227064,True,Non-small cell lung cancer,72,79,5,9330,0.06329113924050633,0.06944444444444445,query_1,['KEGG:00000'],"['Hras', 'Sos1', 'Raf1', 'Gadd45b', 'Akt1']","[['KEGG'], ['KEGG'], ['KEGG'], ['KEGG'], ['KEGG']]",3.553539070622529,0.06944444444444445
55,KEGG,KEGG:04917,Prolactin signaling pathway,0.032523245642790986,True,Prolactin signaling pathway,74,79,5,9330,0.06329113924050633,0.06756756756756757,query_1,['KEGG:00000'],"['Hras', 'Shc4', 'Sos1', 'Raf1', 'Akt1']","[['KEGG'], ['KEGG'], ['KEGG'], ['KEGG'], ['KEGG']]",3.425800194768798,0.06756756756756757
56,GO:BP,GO:0032869,cellular response to insulin stimulus,0.03410316986462395,True,"""Any process that results in a change in state or activity of a cell (in terms of movement, secretion, enzyme production, gene expression, etc.) as a result of an insulin stimulus. Insulin is a polypeptide hormone produced by the islets of Langerhans of the pancreas in mammals, and by the homologous organs of other organisms."" [GOC:mah, ISBN:0198506732]",232,174,9,26963,0.05172413793103448,0.03879310344827586,query_1,"['GO:0032868', 'GO:0071375']","['Prkcz', 'Hras', 'Sos1', 'Raf1', 'Foxo1', 'Eprs', 'Prkci', 'Fut7', 'Akt1']","[['ISS', 'ISO', 'IEA'], ['IDA'], ['IDA'], ['IDA'], ['IDA', 'IMP', 'IGI', 'IBA'], ['IMP'], ['IMP', 'ISO', 'IEA'], ['ISS', 'ISO', 'IEA'], ['IDA', 'IMP', 'ISS', 'ISO', 'IEA']]",3.3783649411061236,0.03879310344827586
57,GO:BP,GO:0010604,positive regulation of macromolecule metabolic process,0.035624192706640384,True,"""Any process that increases the frequency, rate or extent of the chemical reactions and pathways involving macromolecules, any molecule of high relative molecular mass, the structure of which essentially comprises the multiple repetition of units derived, actually or conceptually, from molecules of low relative molecular mass."" [GOC:dph, GOC:tb]",3404,174,42,26963,0.2413793103448276,0.012338425381903642,query_1,"['GO:0009893', 'GO:0043170', 'GO:0060255']","['Prkcz', 'Prnp', 'Has2', 'Fto', 'Arid1b', 'Tmem119', 'H2-Q10', 'Nfam1', 'Irf9', 'Banp', 'Birc5', 'Glyr1', 'Cd27', 'Zscan2', 'Il16', 'Ccnt1', 'Elavl1', 'Hras', 'Gatad2b', 'Naf1', 'Actr3', 'Gata3', 'Tada2b', 'Rasl11a', 'Hilpda', 'Raf1', 'Arid1a', 'Tnip2', 'Foxo1', 'Ahr', 'Prom2', 'Rbbp5', 'Gprc5b', 'Wdfy2', 'Ripk3', 'Dscc1', 'Mmp12', 'Rnft1', 'Fgf8', 'Hpx', 'Dcun1d3', 'Akt1']","[['IMP'], ['IMP', 'IGI', 'ISO', 'IEA'], ['ISO', 'IEA'], ['ISS', 'ISO', 'IEA'], ['NAS'], ['IDA', 'IMP'], ['ISO'], ['IEA'], ['ISO', 'IEA'], ['IMP'], ['IBA', 'NAS'], ['ISO', 'IEA'], ['NAS'], ['IEA'], ['ISO', 'IEA'], ['ISS', 'ISO', 'IBA', 'IEA'], ['IDA', 'IMP', 'ISS', 'ISO', 'IEA'], ['IDA', 'IMP', 'ISO', 'IEA'], ['NAS'], ['IEA'], ['ISS', 'ISO', 'IEA'], ['IDA', 'IMP', 'IGI', 'ISS', 'ISO', 'IBA', 'IEA'], ['NAS', 'IEA'], ['IDA'], ['ISS', 'ISO', 'IEA'], ['IMP', 'ISO', 'IEA'], ['ISS', 'ISO', 'IBA', 'NAS', 'IEA'], ['ISS', 'ISO', 'IEA'], ['IDA', 'IMP', 'IGI', 'ISS', 'ISO', 'IEA'], ['IEA'], ['ISO', 'IEA'], ['ISO', 'IEA'], ['IMP'], ['ISS', 'ISO', 'IBA', 'IEA'], ['ISS'], ['ISS'], ['IMP', 'ISO', 'IEA'], ['ISS', 'ISO', 'IBA', 'IEA'], ['IDA', 'IMP', 'IGI', 'IBA'], ['IMP'], ['ISS', 'ISO', 'IEA'], ['IMP', 'IGI', 'ISO', 'IEA']]",3.3347303015163186,0.012338425381903642
58,GO:BP,GO:0022407,regulation of cell-cell adhesion,0.03675530466839617,True,"""Any process that modulates the frequency, rate or extent of attachment of a cell to another cell."" [GOC:isa_complete]",498,174,13,26963,0.07471264367816093,0.02610441767068273,query_1,"['GO:0030155', 'GO:0098609']","['Prkcz', 'Prnp', 'Has2', 'Lgals1', 'Arid1b', 'H2-Q10', 'Cd27', 'Gata3', 'Arid1a', 'Cd5', 'Dusp10', 'Fut7', 'Akt1']","[['IMP'], ['IMP'], ['ISO', 'IEA'], ['IDA', 'ISO'], ['NAS'], ['ISO'], ['NAS', 'IEA'], ['IDA'], ['NAS'], ['IDA', 'IBA'], ['ISO', 'IEA'], ['IMP', 'ISS', 'ISO', 'IEA'], ['ISO', 'IEA']]",3.3034727190217246,0.02610441767068273
59,GO:CC,GO:0031984,organelle subcompartment,0.038306165215710924,True,"""A compartment that consists of a lumen and an enclosing membrane, and is part of an organelle."" [GOC:mah, GOC:pz]",1431,173,22,27195,0.12716763005780346,0.015373864430468204,query_1,"['GO:0043227', 'GO:0043229', 'GO:0110165']","['Dhrs7', 'Has2', 'Tmem119', 'H2-Q10', 'Extl1', 'Agpat4', 'Pigb', 'Scd3', 'Spcs3', 'Sec61b', 'Igf2r', 'Ap1b1', 'Clcc1', 'Pigm', 'Trappc6b', 'Tmx4', 'Msmo1', 'Rdh16', 'Usp17lc', 'Gm4847', 'Fut7', 'Atl2']","[['ISS', 'ISO', 'IEA'], ['ISO', 'IEA'], ['IEA'], ['ISO', 'TAS', 'IEA'], ['IEA'], ['IEA'], ['IDA', 'ISO', 'IBA', 'IEA'], ['ISO', 'IBA', 'IEA'], ['ISO', 'IBA', 'IEA'], ['ISS', 'ISO', 'IBA', 'IEA'], ['ISO', 'IBA', 'IEA'], ['TAS', 'NAS'], ['IEA'], ['IEA'], ['IBA'], ['IEA'], ['IBA', 'IEA'], ['IDA', 'ISO', 'IEA'], ['ISO'], ['IEA'], ['ISO', 'IEA'], ['ISS', 'ISO', 'IEA']]",3.2621444240605086,0.015373864430468204
60,KEGG,KEGG:04662,B cell receptor signaling pathway,0.04402943948513761,True,B cell receptor signaling pathway,79,79,5,9330,0.06329113924050633,0.06329113924050633,query_1,['KEGG:00000'],"['Hras', 'Sos1', 'Raf1', 'Pira2', 'Akt1']","[['KEGG'], ['KEGG'], ['KEGG'], ['KEGG'], ['KEGG']]",3.1228967895899045,0.06329113924050633
61,GO:BP,GO:0009058,biosynthetic process,0.04782987495216641,True,"""A cellular process consisting of the biochemical pathways by which a living organism synthesizes chemical substances. This typically represents the energy-requiring part of metabolism in which simpler substances are transformed into more complex ones."" [GOC:curators, ISBN:0198547684]",10894,174,97,26963,0.5574712643678161,0.008903983844317974,query_1,['GO:0008152'],"['Prkcz', 'Prnp', 'Gm3854', 'Glt28d2', 'Has2', 'Samd11', 'Fto', 'Pmm2', 'Pnp', 'Arid1b', 'Tmem119', 'Comp', 'Eif1a', 'H2-Q10', 'Gm45140', 'Gmppb', 'Zc3h6', 'Extl1', 'Naa30', 'Cyp11a1', 'Mtrf1', 'Nfam1', 'Irf9', 'Banp', 'Lat', 'Zfp276', 'Agpat4', 'Birc5', 'Rsrc1', 'Krba1', 'Glyr1', 'Cd27', 'Zscan2', 'Dhx16', 'Abca7', 'Ppic', 'Pigb', 'Il16', 'Ccnt1', 'Trim11', 'Gemin4', 'Elavl1', 'Hras', 'Scd3', 'Gatad2b', 'Naf1', 'Spcs3', 'Actr3', 'Shc4', 'Sos1', 'Amd2', 'Wdr83', 'Gata3', 'Srek1ip1', 'Tada2b', 'Rasl11a', 'Smg9', 'Hilpda', 'Rnf128', 'Zfp937', 'Zbtb21', 'Klf16', 'Raf1', 'Pigm', 'Fbxl2', 'Arid1a', 'Tnip2', 'Foxo1', 'Ahr', 'Eprs', 'Ipmk', 'Prkci', 'Arpp19', 'Zbtb33', 'Msmo1', 'Foxg1', 'Rdh16', 'Rbbp5', 'Eif2s1', 'Malsu1', 'Gprc5b', 'Thoc7', 'Ripk3', 'Gstm2', 'M1ap', 'Dscc1', 'Ildr1', 'F13a1', 'Mmp12', 'Fut7', 'Ssxb2', 'Fkbp6', 'Fgf8', 'Hpx', 'Cenpf', 'Tgs1', 'Akt1']","[['IMP', 'ISS'], ['IMP'], ['IBA', 'IEA'], ['IEA'], ['IDA', 'IMP', 'ISS', 'ISO', 'IBA', 'IEA'], ['IDA', 'IBA'], ['ISS', 'ISO', 'IEA'], ['IBA', 'IEA'], ['IEA'], ['NAS'], ['IDA', 'IMP'], ['IMP'], ['IBA', 'IEA'], ['ISO'], ['IEA'], ['ISS', 'IBA', 'IEA'], ['IEA'], ['ISS', 'ISO', 'IEA'], ['IEA'], ['IDA', 'ISO', 'IBA', 'IEA'], ['ISS', 'ISO', 'IBA', 'IEA'], ['ISS', 'IEA'], ['ISO', 'IBA', 'IEA'], ['IMP'], ['IMP'], ['IBA'], ['IEA'], ['ISS', 'ISO'], ['IDA', 'ISO', 'IBA', 'IEA'], ['IEA'], ['ISO', 'IEA'], ['NAS'], ['IBA', 'IEA'], ['ISO', 'IEA'], ['IDA'], ['IBA', 'IEA'], ['ISO', 'IBA', 'IEA'], ['ISO', 'IEA'], ['ISS', 'ISO', 'IBA', 'IEA'], ['IDA', 'IBA'], ['ISO', 'IBA', 'IEA'], ['IDA', 'IMP', 'ISS', 'ISO', 'IEA'], ['IDA', 'IMP', 'ISO', 'IEA'], ['IDA', 'IGI', 'ISO', 'IBA', 'IEA'], ['IBA', 'NAS', 'IEA'], ['IEA'], ['ISO', 'IBA', 'IEA'], ['ISS', 'ISO', 'IEA'], ['IMP'], ['ISO', 'IEA'], ['ISO', 'IBA', 'IEA'], ['ISO', 'IBA', 'IEA'], ['IDA', 'IMP', 'IGI', 'ISS', 'ISO', 'IBA', 'IEA'], ['IEA'], ['IBA', 'NAS', 'IEA'], ['IDA'], ['ISS', 'ISO', 'IBA', 'IEA'], ['ISS', 'ISO', 'IEA'], ['IDA'], ['IBA', 'IEA'], ['ISO', 'IBA', 'IEA'], ['IDA', 'IBA'], ['IMP'], ['ISO', 'IBA', 'IEA'], ['ISO', 'IEA'], ['IDA', 'IMP', 'ISS', 'ISO', 'IBA', 'NAS', 'IEA'], ['ISS', 'ISO', 'IBA', 'IEA'], ['IDA', 'IMP', 'IGI', 'ISS', 'ISO', 'IBA', 'IEA'], ['IEA'], ['IDA', 'ISS', 'ISO', 'IBA', 'IEA'], ['IMP', 'IBA', 'IEA'], ['ISS'], ['ISO'], ['ISS', 'ISO', 'ISA', 'IBA', 'IEA'], ['IBA', 'IEA'], ['IDA', 'IMP', 'ISO', 'IBA', 'IEA'], ['IDA', 'ISO'], ['ISO', 'IEA'], ['IDA', 'ISO', 'IBA', 'IEA'], ['ISO', 'IBA', 'IEA'], ['IMP'], ['ISO', 'IBA', 'IEA'], ['IGI'], ['ISS'], ['NAS'], ['ISS'], ['IMP'], ['IMP', 'ISS', 'ISO', 'IBA', 'IEA'], ['IMP', 'ISO', 'IEA'], ['ISS', 'ISO', 'IEA'], ['IEA'], ['IMP', 'IBA', 'IEA'], ['IDA', 'IMP', 'IGI', 'IBA'], ['IMP'], ['ISO', 'IEA'], ['ISO', 'IBA', 'IEA'], ['IDA', 'IMP', 'IGI', 'ISS', 'ISO', 'IEA']]",3.0401048357159626,0.008903983844317974
